customerID,ypreds_featuretools_lr,yprobs_featuretools_lr
1794-HBQTJ,0,0.44588608154520987
0356-OBMAC,0,0.07810089910174987
4077-CROMM,1,0.5085673908874686
5442-PPTJY,0,0.022151603230919418
2333-KWEWW,0,0.01947288529006639
9402-ORRAH,1,0.6867272015232356
2606-RMDHZ,0,0.44298029458408383
2346-CZYIL,0,0.013185293699665451
0373-AIVNJ,0,0.16393099094049185
1577-HKTFG,0,0.05501022381248669
8619-IJNDK,0,0.003050601098435087
3727-RJMEO,1,0.728075290054002
4847-TAJYI,1,0.7641290402673775
3755-JBMNH,0,0.45473368176366047
8485-GJCDN,1,0.5749532609938282
9878-TNQGW,1,0.7944119497616432
4903-CNOZC,0,0.11260221033516071
1343-EHPYB,0,0.443430547188656
6080-LNESI,0,0.007699043851250075
5649-TJHOV,0,0.3201393317345608
1929-ZCBHE,0,0.043754880106827126
2773-MADBQ,0,0.03873003636335982
6728-CZFEI,0,0.12905597500587343
8963-JLGJT,0,0.1827810921167181
8760-ZRHKE,0,0.03893203094146963
2921-XWDJH,0,0.37732081222793473
9755-JHNMN,0,0.0067473783453432246
3721-CNZHX,0,0.05981239160521458
4369-HTUIF,1,0.5420625026857973
5298-GSTLM,0,0.2422160000985449
4021-RQSNY,1,0.6848071039809916
4282-MSACW,0,0.13978115727660714
9639-BUJXT,0,0.008016024416152082
2012-NWRPA,1,0.7789849893392473
2194-IIQOF,0,0.012133749189361689
3133-PZNSR,0,0.02830066601825155
5702-SKUOB,0,0.16800389800676294
7322-OCWHC,0,0.028251025286395014
1568-LJSZU,0,0.015967596041839706
5642-MHDQT,0,0.014106074753548378
5177-RVZNU,0,0.02024164062105497
9763-GRSKD,0,0.14415978284630934
8714-EUHJO,0,0.4973453603247759
7088-FBAWU,0,0.15792723853397855
8922-NPKBJ,0,0.0058895513060005684
0701-TJSEF,0,0.18620435710189126
0093-XWZFY,0,0.47735151858793196
6862-CQUMB,0,0.4142064443169791
2599-CZABP,0,0.13112223134091566
2889-FPWRM,0,0.13592634227539074
3186-AJIEK,0,0.04055806081629719
3070-DVEYC,1,0.5426515275383937
3520-FJGCV,0,0.04257751967624217
4343-EJVQB,0,0.3250196407691111
1842-EZJMK,0,0.31061764198140174
0970-QXPXW,0,0.2616259761483532
0940-OUQEC,1,0.519256250040602
7274-RTAPZ,1,0.9382046733545927
0869-PAPRP,0,0.45330577252509585
7233-IOQNP,0,0.07068115817926002
1576-PFZIW,0,0.04355851293564108
8118-LSUEL,1,0.6961119589915594
0640-YJTPY,0,0.0017292878999769143
9940-HPQPG,0,0.36226852616942584
6175-IRFIT,1,0.5287449146332834
7617-EYGLW,0,0.3228104361435057
0667-NSRGI,0,0.07872199678750441
0454-OKRCT,0,0.039538513082663373
6772-WFQRD,0,0.02486394281704519
2296-DKZFP,0,0.008588570268891359
1032-MAELW,0,0.03812975732982666
4658-HCOHW,0,0.4606543481839266
1230-QAJDW,0,0.4266613169102215
4183-MYFRB,1,0.5043471202096084
1561-BWHIN,0,0.04355945549176648
4250-FDVOU,0,0.19663560204367914
1751-NCDLI,1,0.5932619888452538
7137-RYLPP,1,0.5534460499232254
6166-ILMNY,1,0.5770010049056876
4695-WJZUE,1,0.8729316211346679
3717-OFRTN,0,0.2610236148780966
7025-WCBNE,0,0.01646751178923575
5325-UWTWJ,0,0.23165920057139325
5879-SESNB,1,0.5238028589194798
9361-YNQWJ,0,0.017444825932514604
1830-GGFNM,0,0.01664312025704968
3537-RYBHH,0,0.10605273992772411
8625-AZYZY,1,0.648737011063404
6617-WLBQC,0,0.15658998811171337
7563-BIUPC,1,0.6735830589403727
6133-OZILE,0,0.33492025164195977
5386-THSLQ,0,0.06654764960611162
5918-VUKWP,0,0.029405146955679008
3088-FVYWK,0,0.006217935511760597
1139-WUOAH,0,0.03137831750186774
4385-GZQXV,1,0.602701777803871
2293-IJWPS,0,0.289886196650681
7284-BUYEC,1,0.624417749633784
4922-CVPDX,0,0.06405560593119423
3639-XJHKQ,0,0.1487983835985262
7979-CORPM,0,0.4907626847175199
3572-UOLYZ,0,0.2109554466310161
3745-HRPHI,0,0.021333853079515217
6549-YMFAW,0,0.20615920351418474
2419-FSORS,0,0.08956909593114211
6982-UQZLY,0,0.3837183182276749
4184-VODJZ,0,0.20734151453985303
6633-MPWBS,0,0.28815386815129546
4123-FCVCB,0,0.24205180088864292
4480-QQRHC,1,0.52446809283559
6537-QLGEX,0,0.421119348559783
2027-CWDNU,0,0.4291822430248812
3973-SKMLN,0,0.002706474566758036
4566-QVRRW,0,0.29365940676087765
1371-WEPDS,0,0.10409186204840003
9661-ACXBS,0,0.47749797003900046
3090-QFUVD,0,0.2617148935422946
2642-DTVCO,1,0.7372893084475258
5605-IYGFG,0,0.4907684099176768
5939-XAIXZ,0,0.24431146249278282
8547-NSBBO,0,0.2145194146894316
6734-FQAJX,0,0.061656662358454815
1447-PJGGA,0,0.11746888907746662
0022-TCJCI,0,0.0488265700770107
4827-LTQRJ,0,0.1427870228852218
7996-BPXHY,0,0.04184754628215449
3315-IKYZQ,0,0.0845630903393924
1212-GLHMD,1,0.5960823219979696
3923-CSIHK,0,0.3020719062037753
7706-YLMQA,0,0.0056024960550683815
7188-CBBBA,0,0.22242019468785082
2919-HBCJO,1,0.5358321314477242
6047-SUHPR,0,0.03733341819622054
4853-RULSV,0,0.051706100266890376
7126-RBHSD,0,0.3848801144933507
8033-ATFAS,0,0.12992613043075207
2612-RANWT,1,0.6683223431901611
2265-CYWIV,1,0.7993403300699925
0013-EXCHZ,1,0.6435798798215031
9095-HFAFX,1,0.6017894856933825
7244-QWYHG,0,0.06715755676275742
6518-PPLMZ,0,0.005102251714094627
9927-DSWDF,0,0.4047871674690029
7055-JCGNI,0,0.0502556538138008
7903-CMPEY,1,0.8911955420270464
8808-ELEHO,1,0.6769994585185556
3769-MHZNV,0,0.00885940750225639
6088-BXMRG,1,0.5621155108374233
7908-QCBCA,1,0.8113665867398272
4522-XRWWI,0,0.06534077568221476
3768-NLUBH,0,0.45475897936991344
3261-CQXOL,0,0.0030919165402482954
0674-EYYZV,1,0.7032072303545569
1754-GKYPY,1,0.5699569734666096
0125-LZQXK,1,0.5621168054314483
9504-YAZWB,0,0.00435773836739564
6131-JLWZM,0,0.14732703713480885
1142-IHLOO,0,0.17567779812855291
3283-WCWXT,0,0.0423145070908342
2135-DQWAQ,1,0.5866430270967916
2931-VUVJN,0,0.12735993123119405
6362-QHAFM,0,0.3569649217981214
3751-KTZEL,1,0.6849449943010749
9221-OTIVJ,1,0.7446229128303485
7760-OYPDY,1,0.7917248072242492
9932-WBWIK,0,0.11972846255230649
1849-RJYIG,0,0.308453758946794
4717-GHADL,0,0.036918281263469306
2229-DPMBI,0,0.026777731263797337
6016-NXBNJ,0,0.03443944671845698
2519-LBNQL,0,0.37059712664275546
5562-YJQGT,0,0.2039392150146059
3253-HKOKL,0,0.1536943155151629
4830-FAXFM,0,0.13897966710084148
0536-BGFMZ,0,0.06062660960202318
1478-VPOAD,1,0.5130635988791382
7133-VBDCG,0,0.25133599444640387
8268-YDIXR,0,0.1533639611866524
6865-JZNKO,0,0.0938242576802845
2999-AANRQ,0,0.019848393187957787
9492-TOKRI,1,0.5243036781929508
5240-IJOQT,1,0.9143380890431397
6784-XYJAE,0,0.09457677201875506
4909-JOUPP,0,0.06056137629098352
7762-URZQH,0,0.07788358441993834
8882-TLVRW,0,0.00582287410335191
7711-GQBZC,0,0.0030184111711367436
6579-JPICP,0,0.26429562738185797
8404-FYDIB,0,0.3140956036885618
2405-LBMUW,0,0.042701284939498506
5975-BAICR,0,0.06105543176259939
7803-XOCCZ,0,0.10202009891455623
1135-LMECX,0,0.26233696367079845
5275-PMFUT,0,0.01808434682704291
0666-UXTJO,0,0.40763907783090564
2397-BRLOM,1,0.5623442811620564
5248-YGIJN,0,0.016249536369210102
8597-CWYHH,0,0.26970389786728804
2274-XUATA,0,0.02558185867885374
1660-HSOOQ,1,0.542860560163874
3422-GALYP,1,0.7824619912493702
2754-SDJRD,1,0.6804089325436485
3806-DXQOM,0,0.46536760484402173
4654-GGUII,0,0.12209108566953802
2862-PFNIK,1,0.678975591025075
0843-WTBXE,0,0.26481777909029486
0224-NIJLP,0,0.026908125122083886
3338-CVVEH,1,0.6658234969390129
7721-DVEKZ,0,0.2616259761483532
9600-UDOPK,1,0.5571856351534292
8375-KVTHK,0,0.16779564717416665
1930-WNXSB,0,0.33141149943653153
1986-PHGZF,0,0.20498259079890652
8590-YFFQO,0,0.003737570957239787
8380-MQINP,0,0.003449219178639357
9776-CLUJA,0,0.29647218426922106
6402-SSEJG,0,0.22842651810353118
5980-NOPLP,1,0.5596612114634548
4765-OXPPD,0,0.08727432258664129
0876-WDUUZ,1,0.5283956505814382
4628-CTTLA,0,0.18887656675750714
1136-XGEQU,0,0.08360721836817316
7795-CFOCW,0,0.041315227613743816
0164-APGRB,0,0.06894171258978586
2455-USLMV,0,0.30134121877625514
3058-WQDRE,0,0.3785607218653819
8512-WIWYV,0,0.029282072738051366
1468-DEFNC,0,0.006613622825574815
1666-JXLKU,1,0.5951171609049257
1282-IHQAC,0,0.0763927775399233
0118-JPNOY,0,0.367765340819877
7966-YOTQW,0,0.23563133570782036
4503-BDXBD,0,0.4185647823504374
5797-APWZC,1,0.9159571725195278
7463-IFMQU,0,0.0019213240141096363
3170-GWYKC,0,0.19053448207553358
8597-CTXVJ,0,0.012366663441597174
9845-PEEKO,0,0.0649036753610327
7049-GKVZY,0,0.08147639542913267
9420-LOJKX,0,0.45428309273420936
8182-BJDSI,1,0.5497468225980203
6719-FGEDO,0,0.024503894636385
1740-CSDJP,1,0.7516789314667801
9415-DPEWS,1,0.5423188505949614
6999-CHVCF,0,0.05233585969304686
2990-IAJSV,0,0.01207434554627155
0709-TVGUR,1,0.6673307891541247
8857-CUPFQ,0,0.002738365258168245
5570-PTWEH,1,0.6735003537682495
1216-BGTSP,0,0.31567335493577114
3777-XROBG,0,0.002884583631598652
0516-UXRMT,0,0.13436061946242636
0236-HFWSV,1,0.7153480656719265
5766-FTRTS,0,0.008129200693456816
8161-QYMTT,1,0.7771882989956581
6509-TSGWN,0,0.05581507545430831
9777-IQHWP,0,0.03449553226547548
2143-LJULT,0,0.005853686688351939
5916-QEWPT,0,0.4950104182735358
0112-QWPNC,0,0.07440024149500019
8510-BBWMU,0,0.027288622949921876
9795-VOWON,0,0.31159741755670783
4029-HPFVY,1,0.5907187697007881
3675-YDUPJ,0,0.16540702445607783
2122-SZZZD,0,0.01695320304053692
8937-RDTHP,1,0.8394174991217314
5960-WPXQM,1,0.900571739865803
5066-GFJMM,0,0.24077400353302372
1557-EMYVT,0,0.06145041256796434
1131-QQZEB,0,0.004177775595333156
3413-DHLPB,0,0.26948252022303526
8280-MQRQN,1,0.5463823787460301
6968-MHOMU,0,0.13672334047356394
9258-CNWAC,0,0.03211050586670227
5696-JVVQY,0,0.015821139211542014
6022-UGGSO,0,0.39222394132176486
8272-ONJLV,0,0.4445030792651196
2276-YDAVZ,1,0.6693496264363368
1167-OYZJF,0,0.0040100127152173145
4098-NAUKP,0,0.2506785742565893
9480-BQJEI,0,0.13686498276740997
5019-GQVCR,1,0.5129146158266311
1122-JWTJW,1,0.7891993672227485
2665-NPTGL,1,0.6263445197650087
2519-TWKFS,0,0.08708020236998357
7426-WEIJX,0,0.2314163695285713
3662-FXJFO,0,0.005840432386849394
4121-AGSIN,0,0.019102061299163333
8010-EZLOU,1,0.5996030026005491
2212-LYASK,0,0.1984855733278678
3186-BAXNB,1,0.841261542751299
9742-XOKTS,0,0.05697343617889532
4213-HKBJO,0,0.01579450147393007
7134-HBPBS,0,0.08083519334793864
7279-BUYWN,1,0.5226651978064527
7537-RBWEA,1,0.6497206593508382
5759-RCVCB,1,0.5197917315142567
5117-IFGPS,1,0.6046611229678069
7115-IRDHS,0,0.003397966714054513
7825-GKXMW,1,0.5219423183989165
4568-TTZRT,0,0.13048358855470546
6981-TDRFT,0,0.1779524883931636
1209-VFFOC,0,0.013935181114809923
2252-NKNSI,0,0.021740129979188134
2737-YNGYW,1,0.7331586978806439
1169-WCVAK,0,0.2863197883136646
5515-IDEJJ,0,0.23465371866931703
6904-JLBGY,0,0.06150652771147409
2799-ARNLO,1,0.6490826015504736
4521-WFJAI,0,0.00909807383370496
3740-RLMVT,0,0.01853356747777639
8917-FAEMR,0,0.008626968926027868
9374-YOLBJ,0,0.29031626451004394
8573-JGCZW,0,0.07449711602048939
9734-UYXQI,1,0.5489496424675551
0117-LFRMW,0,0.09749083866595276
2911-IJORQ,0,0.0946173899959728
0362-ZBZWJ,1,0.5138067688924634
1550-EENBN,0,0.43549084836619106
1078-TDCRN,1,0.632458744405535
4415-IJZTP,1,0.89720636471996
4000-VGMQP,0,0.10582715693790386
9248-OJYKK,1,0.9167311997914137
7511-YMXVQ,1,0.6606736468699642
1866-RZZQS,1,0.6204498326851204
5028-HTLJB,0,0.30311869855574647
1682-VCOIO,0,0.043046412495705615
7460-ITWWP,0,0.42659685322414487
6680-NENYN,0,0.20092527169838106
1200-TUZHR,1,0.6796232263917537
9885-MFVSU,0,0.03520939534687665
0689-NKYLF,1,0.5746665149752915
1452-KIOVK,0,0.458801717731721
0687-ZVTHB,0,0.028562443751289274
8690-UPCZI,0,0.05470466770326482
5868-YWPDW,1,0.6902385951265615
2000-MPKCA,0,0.2598978891491704
0221-WMXNQ,1,0.5057111323898443
2777-PHDEI,1,0.8645412451002848
5821-MMEIL,0,0.003637901384101363
5195-KPUNQ,0,0.11274080683795835
3247-MHJKM,0,0.26358279090996906
7395-XWZOY,0,0.241653628606258
1976-AZZPJ,0,0.2780547089432832
0742-MOABM,0,0.19274745592150383
9752-ZNQUT,1,0.5946098846592953
7919-ZODZZ,0,0.1674847170042298
2037-SGXHH,0,0.44442728814385185
9057-SIHCH,1,0.8494880238344602
6837-HAEVO,0,0.10974241436120895
7036-ZZKBD,0,0.14141135113848824
3128-YOVTD,0,0.12848383787168535
5897-ZYEKH,0,0.26364247616176534
3606-SBKRY,0,0.33868354351031876
2607-FBDFF,0,0.3758064713865909
2792-LSHWX,1,0.7093556288373919
1422-DGUBX,0,0.25518903401466286
5730-RIITO,0,0.13978570267116266
2259-OUUSZ,0,0.24906117609592826
6258-PVZWJ,0,0.018466480546184192
5939-SXWHM,0,0.007759010696310947
5156-UMKOW,0,0.38370656782743096
2673-ZALNP,0,0.0858299879276044
2187-PKZAY,1,0.5203169250226382
3946-MHCZW,0,0.465472578284907
8046-DNVTL,0,0.010771919838588509
5965-GGPRW,0,0.04389293751760762
3094-JOJAI,0,0.3913443259699388
3779-OSWCF,0,0.012364937813456057
8317-BVKSO,0,0.18188485855230288
5345-BMKWB,0,0.13764138409536855
1767-TGTKO,0,0.2891140960631203
8263-OKETD,0,0.2269314147943512
5016-LIPDW,0,0.00837457850083618
5382-SOYZL,1,0.6757152093897199
3424-NMNBO,0,0.3008649122688622
7054-ENNGU,0,0.1834142545208062
1353-GHZOS,0,0.10302574754029406
7017-VFHAY,0,0.038512190431219284
0742-LAFQK,0,0.06403367638294552
4981-FLTMF,0,0.03086782355604742
7103-ZGVNT,0,0.018222547162302892
9874-QLCLH,1,0.5827315291625751
4631-OACRM,1,0.6148316482436129
7314-OXENN,1,0.783216954488233
8650-RHRKE,1,0.5718159591576158
9928-BZVLZ,0,0.0634410546995314
9695-IDRZR,0,0.08600883287233496
0096-BXERS,0,0.34907439212449565
3926-CUQZX,1,0.5255963852172869
9638-JIQYA,1,0.5547913848666759
8727-XDPUD,0,0.04952010954533412
0409-WTMPL,0,0.2105805164948979
9281-PKKZE,0,0.35376369824638
5223-UZAVK,0,0.1367803683818665
6015-VVHHE,1,0.7205580689300488
8705-WZCYL,1,0.5992713549434185
3486-HOOGQ,0,0.007173652173315187
0727-BNRLG,0,0.04809379496067646
8791-GFXLZ,0,0.21315401495021458
3541-ZNUHK,0,0.20756932094874786
1226-JZNKR,0,0.09382272052569943
7734-DBOAI,1,0.6569027715674256
5073-WXOYN,0,0.2580691337476246
1763-KUAAW,0,0.06353415679035405
7892-QVYKW,0,0.47325368903453446
1346-UFHAX,0,0.4178977586564628
5346-BZCHP,0,0.0018064105081934815
1299-AURJA,0,0.0031000203641821517
9046-JBFWA,0,0.052328354640528374
0628-CNQRM,0,0.06571605639739107
5649-RXQTV,0,0.41109331682791017
1120-BMWUB,0,0.14486344830432504
0716-BQNDX,0,0.05804940889150117
5376-PCKNB,0,0.18780758996548017
0679-IDSTG,1,0.857338354594136
5701-ZIKJE,0,0.16890738006580383
5196-SGOAK,1,0.8547243601741273
0537-QYZZN,0,0.42433687720915825
0130-SXOUN,0,0.20670395634251973
8066-POXGX,1,0.5443459819336958
5446-DKWYW,0,0.09835088060104076
5035-PGZXH,0,0.3413794273771188
5832-TRLPB,0,0.12086515927442265
0384-LPITE,0,0.12378011541087207
6933-FHBZC,0,0.08965658371145849
9137-NOQKA,0,0.2940715244027171
7410-OIEDU,0,0.36780711409526473
0257-KXZGU,0,0.11311010108491938
5696-EXCYS,0,0.020198197467390717
1196-AMORA,1,0.5674415783679834
8884-FEEWR,0,0.02607828511967549
2263-SFSQZ,0,0.009259275766299221
7811-JIVPF,0,0.12335526688790102
4817-KEQSP,0,0.0016740596825838526
4644-OBGFZ,0,0.009175288117438203
8327-WKMIE,0,0.02354088314767484
2603-HVKCG,1,0.524007134700095
5161-XEUVX,0,0.07409814509804846
8766-PAFNE,0,0.015629885262823502
9643-YBLUR,0,0.376613986831349
2925-VDZHY,0,0.01014113496713306
8774-GSBUN,0,0.003483296866247684
7623-TRNQN,0,0.42348772349969427
5641-DMBFJ,0,0.03184967732113259
0224-HJAPT,0,0.3599703288704811
1741-WTPON,0,0.04339586721449991
7446-SFAOA,0,0.032578636357589626
8387-UGUSU,0,0.08831650635382679
7203-OYKCT,0,0.27054754849098755
2324-AALNO,0,0.02364723053125476
7941-RCJOW,0,0.0034403704800816445
6140-QNRQQ,1,0.8153728950333967
7969-AULMZ,1,0.6827217077205052
2961-VNFKL,0,0.0050892377479021585
4859-ZSRDZ,0,0.03681961737922219
7721-JXEAW,0,0.14935226592417722
1135-HIORI,0,0.22382643763334248
7636-XUHWW,0,0.26276370751326295
7663-RGWBC,1,0.5226202674580406
2995-YWTCD,0,0.032716480841953145
2277-DJJDL,0,0.4400052491544586
3259-FDWOY,0,0.08235238770751596
0516-OOHAR,0,0.23229525674812276
8067-NIOYM,0,0.018215400478944852
2923-ARZLG,0,0.12313331194103375
8967-SZQAS,0,0.19822655087022248
5312-UXESG,0,0.40863568820340196
7025-IWFHT,0,0.19977296036246922
8266-VBFQL,1,0.6326240337399275
4654-ULTTN,0,0.01220198654395601
7029-IJEJK,0,0.04403726682859331
0420-HLGXF,1,0.632224601518685
6023-GSSXW,0,0.014261829206613194
0471-ARVMX,0,0.2910444335464979
3223-DWFIO,1,0.5927635965687309
7029-RPUAV,1,0.6773623193337645
1177-XZBJL,0,0.01984430330036342
5480-TBGPH,0,0.49006970794239485
1271-SJBGZ,1,0.5228886129734747
9239-GZHZE,0,0.049631170823122
9351-HXDMR,0,0.054665817238533754
2373-NTKOD,0,0.47400268782928984
2639-UGMAZ,0,0.11387507893318202
7928-VJYAB,1,0.559637996079293
5740-YHGTW,0,0.16708226224672537
3148-BLQJT,0,0.2632266296249626
4723-BEGSG,0,0.0122606192795571
0080-OROZO,0,0.3062318057564726
5135-GRQJV,0,0.06205237043761005
5469-CTCWN,0,0.221977400288608
7636-PEPNS,0,0.029295380981948307
1077-HUUJM,1,0.5265683423699129
9013-AQORL,0,0.13448029344952742
6559-PDZLR,0,0.4866949284568268
2462-XIIJB,1,0.744598887625
5370-IIVVL,0,0.28670347755002773
3445-HXXGF,0,0.2393790774395714
9473-CBZOP,0,0.06486750294032731
7975-JMZNT,0,0.013941211650842927
8143-ETQTI,0,0.018758671498904034
6112-KTHFQ,0,0.14610145923808457
2800-QQUSO,0,0.48481198847107787
9585-KKMFD,0,0.00875923626851352
2931-FSOHN,0,0.3713565435375005
8292-TYSPY,0,0.1407103576959667
0744-GKNGE,0,0.10759368257474167
6377-WHAOX,0,0.4627990436546397
5307-DZCVC,1,0.5028912698191613
9090-SGQXL,0,0.4727676118331441
3580-GICBM,0,0.006093239500028449
4718-DHSMV,0,0.4831566755012509
6024-RUGGH,0,0.004086926034308678
0094-OIFMO,1,0.699667517708993
5828-AVIPD,0,0.4388076547628135
7940-UQQUG,0,0.1308889492126437
7821-DPRQE,0,0.26840364255275234
4195-SMMNX,0,0.20686933493629955
3227-WLKLI,0,0.01212859097070894
4871-JTKJF,1,0.875415411670451
6313-GIDIT,0,0.3492331238976219
5949-XIKAE,1,0.5720915397424339
0719-SYFRB,0,0.16947404696385937
6591-QGOYB,0,0.360840303857652
3251-YMVWZ,0,0.019148484306341303
1626-ERCMM,1,0.7284323796657871
4727-MCYZG,1,0.5680351601451551
7074-STDCN,0,0.25803681796090155
9931-KGHOA,0,0.06626229675295213
1732-FEKLD,0,0.21216163033670316
7785-RDVIG,0,0.1595819951015511
1241-EZFMJ,0,0.0053558916707983255
5334-AFQJB,0,0.00571015645896325
5827-MWCZK,0,0.22254101200707135
3714-XPXBW,0,0.11283698834321589
4718-WXBGI,0,0.014338936337027012
0225-ZORZP,1,0.6542093982169911
2338-BQEZT,0,0.049097533353703704
6976-BWGLQ,0,0.0029301976573373445
6227-HWPWX,0,0.2962108861126811
0017-DINOC,0,0.016053686452687385
1790-NESIO,0,0.03399402018242389
9330-VOFSZ,0,0.08609575610570366
7503-MIOGA,0,0.020705079680312537
4678-DVQEO,1,0.5482487810907748
6440-DKQGE,0,0.0673320318610748
7603-USHJS,0,0.47655234084687764
1194-HVAIF,0,0.4885422560554746
2987-BJXIK,0,0.016587349031881034
1972-XMUWV,0,0.01187511208714414
1069-XAIEM,1,0.9460413056143848
2580-ASVVY,0,0.037009279492179054
8749-CLJXC,0,0.26304861256338463
5331-RGMTT,0,0.47090953965070437
5473-KHBPS,0,0.1951150196141822
8975-SKGRX,0,0.05279039245495234
7130-CTCUS,0,0.16706594167071132
1436-ZMJAN,0,0.37474326182147627
9134-CEQMF,1,0.754183860703933
2582-FFFZR,1,0.5469890010433847
0363-QJVFX,0,0.35734766766255055
4831-EOBFE,0,0.2769332915908495
3199-XGZCY,1,0.6341846870686342
6078-VESFR,0,0.3948933808377905
0080-EMYVY,0,0.09272455204817694
3841-CONLJ,1,0.7479431659395102
6960-HVYXR,1,0.8653796175902572
2369-UAPKZ,1,0.6677505665503947
8138-EALND,0,0.10100542863064867
0489-WMEMG,0,0.08579482116844898
0968-GSIKN,1,0.8133671002557009
3705-PSNGL,0,0.03163272090440152
5236-PERKL,0,0.08922137790172958
9705-IOVQQ,0,0.2514955312915992
4931-TRZWN,0,0.33738318794796135
1465-LNTLJ,0,0.2998413469917305
5743-KHMNA,0,0.003638669592714518
7874-ECPQJ,0,0.1918033806915232
9919-YLNNG,0,0.31323342629914375
5966-EMAZU,0,0.1515861243109429
1958-RNRKS,0,0.18022690893999688
2034-GDRCN,1,0.8486893951565416
8741-LQOBK,0,0.07054186518917842
3280-NMUVX,0,0.02267682790291868
3584-WKTTW,0,0.2444659311694304
0111-KLBQG,0,0.4476185011452323
6664-FPDAC,0,0.32429251328945186
6344-SFJVH,0,0.24399077164183425
0621-CXBKL,0,0.004075792264642373
7382-DFJTU,0,0.10902893196718325
6867-ACCZI,0,0.04754211307625885
4770-QAZXN,0,0.10801855620229828
5244-IRFIH,1,0.6597822495963684
8406-LNMHF,0,0.09038401985679752
4182-BGSIQ,0,0.14515643432801006
5950-AAAGJ,0,0.4649110493736571
0585-EGDDA,0,0.30797011669204283
7503-ZGUZJ,1,0.9114122710460956
2369-FEVNO,0,0.3316885816694629
6898-MDLZW,0,0.16398778895607144
4429-WYGFR,0,0.08504469222316448
6538-POCHL,0,0.27700233368827515
7552-KEYGT,0,0.013205294451019946
0811-GSDTP,0,0.3230009300052411
2144-ESWKO,0,0.07577832961069057
6933-VLYFX,0,0.14112398773572524
3370-GQEAL,0,0.42294631244033554
9048-JVYVF,1,0.5042525885593727
1465-VINDH,1,0.6337029939610236
7912-SYRQT,1,0.5753231263583618
3084-DOWLE,0,0.011965722740078743
2996-XAUVF,0,0.018373475805469715
2408-TZMJL,0,0.25842672363747726
7945-HLKEA,0,0.02783824053619765
3050-GBUSH,1,0.6002579972813171
8034-RYTVV,0,0.11894080685258283
1769-GRUIK,0,0.46108368716994363
2108-XWMPY,0,0.4202417306168087
7639-SUPCW,0,0.12413328266047045
0310-VQXAM,0,0.12998691911606036
4829-ZLJTK,0,0.10786385269621085
1374-DMZUI,1,0.8489803802685972
6261-RCVNS,0,0.031602170757779845
4929-XIHVW,1,0.8382281981242813
1297-VQDRP,0,0.19894472183303796
7470-DYNOE,0,0.0857013079066886
6479-OAUSD,0,0.038747602488866516
0406-BPDVR,0,0.32184932289402723
3473-XIIIT,1,0.6932914561397421
4338-EYCER,0,0.17500771521298802
4115-NZRKS,1,0.7502918886346467
4732-RRJZC,0,0.1253429841600467
8809-XKHMD,0,0.03478116821921911
7758-XKCBS,0,0.3579346985914958
0824-VWDPO,0,0.14797485360224388
0562-FGDCR,0,0.006495885961944613
2696-RZVZW,0,0.003952475209364914
7855-DIWPO,0,0.4395596339185393
3511-BFTJW,0,0.00653595161983493
6260-XLACS,0,0.10110614057217417
7994-UYIVZ,1,0.6434117132190555
8532-UEFWH,0,0.006598422812742312
4628-WQCQQ,0,0.2657169943482251
4398-HSCJH,1,0.5023947126893449
5895-QSXOD,0,0.3858763360420361
1399-UBQIU,0,0.43742139928324364
3230-IUALN,0,0.01925161904395972
8314-HTWVE,0,0.028280134231793985
0723-VSOBE,0,0.15566794691451102
7392-YYPYJ,1,0.6633904197281797
9541-ZPSEA,0,0.014893803796043945
7619-PLRLP,0,0.045704657663721365
0623-IIHUG,0,0.42690533779296835
9689-PTNPG,1,0.7910669072522276
2542-HYGIQ,0,0.26047526181647257
2205-LPVGL,0,0.08402966292559576
3891-PUQOD,1,0.6133775339286017
4360-QRAVE,0,0.225004868282391
6127-IYJOZ,1,0.5789485475580965
0148-DCDOS,1,0.584721547027506
0301-KOBTQ,0,0.01473570544568453
9298-WGMRW,0,0.05113176644517772
5274-XHAKY,0,0.2772290852058097
7622-FWGEW,0,0.020260574486709794
9750-BOOHV,0,0.07764491980541821
6689-TCZHQ,1,0.6484218663123072
4661-NJEUX,0,0.3322996606751045
8818-XYFCQ,0,0.41681649030647766
7328-ZJAJO,0,0.002799797782069951
8982-NHAVY,0,0.4309804147210818
8084-OIVBS,0,0.07129788832712497
9143-CANJF,0,0.07602577167550983
0219-YTZUE,1,0.5834761292779129
0508-SQWPL,0,0.004334834800732313
2023-VQFDL,0,0.115629325212311
5644-PDMZC,1,0.8236985157281543
6181-AXXYF,0,0.0028960202187624513
2578-JQPHZ,0,0.06390157932984075
7730-IUTDZ,0,0.23150841480098505
7858-GTZSP,1,0.6728385400477044
1816-FLZDK,1,0.5043294734807875
2240-HSJQD,0,0.29550879878664843
5542-TBBWB,1,0.8527638083037143
9732-KPKBW,0,0.46236914027690407
8722-PRFDV,0,0.01009031638645894
2710-WYVXG,0,0.04977436845315853
7442-YGZFK,1,0.6243823130527542
2930-UOTMB,0,0.07501997763147467
0254-FNMCI,0,0.04534898009205093
9150-KPBJQ,0,0.034132740035053774
5614-DNZCE,0,0.00717157335201108
1775-KWJKQ,0,0.010235253776632515
8819-WFGGJ,0,0.031597001905640215
2995-UPRYS,0,0.25006658274469334
8258-GSTJK,1,0.7736130280443342
9715-WZCLW,0,0.07666462353506139
3815-SLMEF,0,0.2835260649749796
3373-DIUUN,0,0.010439931854528638
6582-PLFUU,0,0.003983573994261018
0969-RGKCU,0,0.019896236855610133
5846-NEQVZ,0,0.006874212854482176
8938-UMKPI,1,0.5297932893438758
4412-YLTKF,1,0.5317655885619296
0186-CAERR,0,0.1327910202758295
5561-NWEVX,1,0.7704984515518003
2045-BMBTJ,0,0.33624202402496356
1724-IQWNM,0,0.2947299360421548
4636-TVXVG,0,0.006953169659627903
7951-QKZPL,0,0.01860709583710355
8777-MBMTS,0,0.06576823731661907
8050-XGRVL,0,0.014903074439805748
0396-HUJBP,0,0.19967503204258624
9753-OYLBX,0,0.2646523054949383
8107-RZLNV,0,0.09072996470158338
3544-FBCAS,0,0.018233988003007018
6407-UTSLV,1,0.7610962860975345
4632-PAOYU,0,0.03850855280681973
7225-CBZPL,1,0.7432733960995026
4797-AXPXK,0,0.42766201606263804
5396-IZEPB,0,0.12855838152968793
5313-FPXWG,0,0.02907294594399775
9617-UDPEU,0,0.06010563242627471
9334-GWGOW,1,0.6926908590639752
9722-UJOJR,0,0.34767349294266064
2969-WGHQO,0,0.13146799776707843
1493-AMTIE,0,0.33181044206562055
3870-MQAMG,0,0.2222630452560786
3407-JMJQQ,0,0.05766713822930534
6619-RPLQZ,0,0.0053927458590024985
6360-SVNWV,0,0.26389376105114254
2233-TXSIU,0,0.1531983913485107
9018-PCIOK,0,0.021754907611044462
8949-JTMAY,1,0.5610916351165409
1400-MMYXY,1,0.8679347100282118
7625-XCQRH,1,0.6041758304118292
2892-GESUL,0,0.016723391088660434
6645-MXQJT,1,0.715066557340204
1921-KYSAY,0,0.11985488978395727
9782-LGXMC,0,0.02898662498472239
7244-KXYZN,0,0.04094620198456121
4367-NHWMM,1,0.6486900155119775
3737-GCSPV,0,0.4370807098828492
0440-UEDAI,0,0.12617765818306578
3317-HRTNN,1,0.6805136760301629
8853-TZDGH,0,0.06934797265369266
9793-WECQC,0,0.41384674067351457
5564-NEMQO,1,0.849152672411112
0804-YGEQV,0,0.03388097002493372
9250-WYPLL,1,0.603862058317735
1184-PJVDB,1,0.6092709291794396
7159-NOKYQ,0,0.09305579302574683
5188-HGMLP,0,0.2275278619824194
3806-YAZOV,0,0.17962807983554271
4403-BWPAY,0,0.11780200561923473
9391-TTOYH,0,0.09822031952789786
1833-VGRUM,1,0.9136429171535113
4900-MSOMT,0,0.006672611431306136
5748-RNCJT,0,0.0761635412250767
6128-CZOMY,1,0.6028945323679628
5893-KCLGT,0,0.0022715814324078547
8107-KNCIM,1,0.6267227876080509
4550-EVXNY,1,0.8307703017202408
8064-RAVOH,1,0.5780609928523922
5046-NUHWD,0,0.3711864964580432
4353-HYOJD,0,0.09187195030267285
1810-MVMAI,0,0.08342398383050101
7711-YIJWC,0,0.02497219412244575
8316-BBQAY,0,0.018683322494554337
9518-XXBXE,0,0.40865262675072855
6339-RZCBJ,0,0.019581379914442736
4078-SAYYN,1,0.740915077478578
4450-YOOHP,0,0.34015468950134226
6067-NGCEU,0,0.2833963393163681
7402-PWYJJ,0,0.23068416966630817
1047-RNXZV,0,0.0065729030851014
3904-UKFRE,1,0.6229395994616878
1755-FZQEC,0,0.02163490671173224
6734-GMPVK,1,0.7314319958605349
1776-SPBWV,0,0.031922799084303094
5375-XLDOF,0,0.04458258672904746
1657-DYMBM,0,0.004336118261446876
2070-FNEXE,0,0.3689231532515783
5845-BZZIB,0,0.008073207202874893
6393-WRYZE,1,0.6086564949155165
9229-RQABD,0,0.0749792822231013
8294-UIMBA,0,0.2606416358307755
2211-RMNHO,0,0.014954759507339556
8519-QJGJD,0,0.4092433271274679
8439-LTUGF,0,0.16402325477035418
8720-RQSBJ,1,0.563041688778292
1658-XUHBX,0,0.32444065663823113
5226-NOZFC,0,0.46376771605519107
5424-RLQLC,0,0.28774593093426604
1757-TCATG,0,0.022236672255047506
8024-XNAFQ,0,0.04330083035931476
4163-HFTUK,0,0.016863178094620252
3707-GNWHM,1,0.8655079987373494
3143-JQEGI,1,0.5423479614235281
1728-CXQBE,0,0.39620664493174806
6557-BZXLQ,0,0.4412121494157583
7929-SKFGK,0,0.03913570673207892
7841-TZDMQ,0,0.3874297813828133
3621-CHYVB,0,0.09924641914514881
1403-LKLIK,0,0.023987680669751387
5389-FFVKB,0,0.42335298175883984
4778-IZARL,0,0.04067782978620368
5249-QYHEX,0,0.014375636182756597
6147-CBCRA,0,0.04896051994978997
2908-ZTPNF,0,0.15309490896927094
3640-JQGJG,0,0.1474651795707451
2696-NARTR,0,0.44076818410199586
9465-RWMXL,0,0.4499652489107963
7404-JLKQG,0,0.4093323521709737
0639-TSIQW,0,0.20757368067204648
0749-IRGQE,1,0.5921978991531603
6295-OSINB,0,0.08844853817512023
3795-GWTRD,0,0.0056948036045035184
5287-QWLKY,0,0.26681321344320835
7742-MYPGI,0,0.19377808225229026
6490-FGZAT,0,0.1504345531924612
4376-KFVRS,0,0.04444973239136019
6631-HMANX,0,0.022929172115982888
4973-RLZVI,0,0.04199379797260292
1293-BSEUN,0,0.0023839314055532357
2325-WINES,0,0.38772486333147754
6743-HHQPF,0,0.15914671723446985
4813-HQMGZ,1,0.6384331652648134
0374-FIUCA,0,0.0037127591351293113
8201-AAXCB,0,0.23348416746866127
2257-BOVXD,0,0.2760984447586194
0329-GTIAJ,1,0.7270553619863648
2720-WGKHP,1,0.9069449756687284
6168-WFVVF,1,0.7032461784016568
9308-ANMVE,0,0.06858904421653969
5696-CEIQJ,0,0.03277054784089202
7808-DVWEP,0,0.18375637905871908
1061-PNTHC,0,0.23829982884141243
6518-KZXCB,0,0.024553033721539202
1043-YCUTE,0,0.008840120180841403
9220-CXRSC,0,0.004716329833342936
7079-QRCBC,1,0.6622038195311294
9680-NIAUV,0,0.042897028362532535
7105-MXJLL,0,0.1161651226694005
3683-QKIUE,0,0.21824466525278957
6384-VMJHP,0,0.007374130249579273
9944-AEXBM,0,0.4604102105440553
6131-FOYAS,0,0.15851315303062716
0428-IKYCP,0,0.43616203767716566
2626-VEEWG,0,0.00270671279325559
8225-BTJAU,1,0.6572014110697015
8690-ZVLCL,0,0.011122172781139021
8631-NBHFZ,0,0.009224476958963918
7073-QETQY,0,0.011275645082320932
5458-CQJTA,0,0.01138347516237628
0971-QIFJK,0,0.0037224823963530208
5609-CEBID,1,0.639155351034932
5696-QURRL,1,0.5266112638548739
6137-MFAJN,0,0.19023714925555918
5170-PTRKA,0,0.04049998718550338
3791-LGQCY,0,0.4681781970660086
3780-DDGSE,0,0.21672487868516715
3389-KTRXV,0,0.02017926892744673
2697-NQBPF,1,0.5110273624341347
2386-LAHRK,1,0.6322530640972759
4707-YNOQA,0,0.04928923802385226
8098-TDCBU,0,0.015274784156006208
5288-AHOUP,1,0.648048460674495
3049-NDXFL,1,0.8856360686178552
9102-OXKFY,0,0.013476025058713004
3308-DGHKL,0,0.0029295271163808927
5256-SKJGO,0,0.03867891847940187
5439-WIKXB,1,0.5150341278051378
1251-KRREG,0,0.46332714880448644
4612-SSVHJ,1,0.582364133677695
9625-QSTYE,0,0.4788678040812809
9823-EALYC,0,0.009305280194489817
5198-HQAEN,0,0.19820120726177393
1293-HHSHJ,0,0.026452958934588957
3374-LXDEV,0,0.4001658936622101
0516-VRYBW,0,0.04523975596580486
7879-CGSFV,0,0.15996482846989715
0343-QLUZP,0,0.011708328483275245
0708-LGSMF,0,0.34833566948801276
9840-DVNDC,1,0.5812672556737746
0817-HSUSE,1,0.7664549467333159
2898-MRKPI,0,0.19739807081415114
8580-QVLOC,0,0.012279197815771524
2466-FCCPT,0,0.0416016353895817
3644-QXEHN,1,0.5420992406710587
7663-CUXZB,0,0.06094781666717846
1010-DIAUQ,1,0.6056639186115677
5447-WZAFP,0,0.2181685138733662
6993-OHLXR,1,0.6513637471745498
1089-HDMKP,0,0.22248069792650388
8739-XNIKG,1,0.743211275396618
2840-XANRC,1,0.6300174187787139
0655-YDGFJ,0,0.10375561622620472
9154-QDGTH,0,0.24736806304877487
0946-FKYTX,0,0.05118275784558702
8208-EUMTE,0,0.050810886741964024
3055-OYMSE,0,0.21797769043727266
7030-NJVDP,0,0.34249032703557725
8070-AAWZP,0,0.20855309047852627
0258-NOKBL,1,0.6569791446780593
9620-QJREV,0,0.013355105530759727
9489-UTFKA,0,0.22640517925580356
8887-IPQNC,0,0.2699368375311883
1564-HJUVY,0,0.29618953138742554
4277-UDIEF,0,0.1439954394586669
0436-TWFFZ,0,0.019178056142293946
9124-LHCJQ,1,0.9147541141507876
4779-ZGICK,0,0.007286734626242719
1197-BVMVG,1,0.741678944206222
4713-LZDRV,1,0.8218227415280005
5666-MBJPT,0,0.006306610803682654
3988-RQIXO,1,0.9493618339797882
0487-CRLZF,0,0.0283588959397743
2082-CEFLT,1,0.6026817423120803
1767-CJKBA,0,0.00434833080054937
2391-SOORI,0,0.2062264244803814
5960-MVTUK,1,0.5158482343572514
0829-DDVLK,0,0.05934622701663408
6345-FZOQH,0,0.0021807231725243796
1565-RHDJD,0,0.49762054238911335
5816-QVHRX,0,0.35024030398619665
0952-KMEEH,0,0.49379578786372696
5882-CMAZQ,0,0.3409212781374141
7305-ZWMAJ,0,0.03212714192057114
6061-GWWAV,0,0.036894801206961966
9300-RENDD,1,0.9019874633465255
6365-HITVU,0,0.007396061994137156
4573-JKNAE,0,0.02166302617324594
1612-EOHDH,1,0.5190586930529586
6475-VHUIZ,0,0.12423560168094996
2108-YKQTY,0,0.23287767387078254
4484-GLZOU,1,0.5058018402063765
2832-SCUCO,0,0.25001970959890696
5756-JYOJT,0,0.10951890243439942
2612-RRIDN,1,0.6979159453135421
2592-SEIFQ,1,0.5127659782939371
7452-FOLON,0,0.029072461217915856
3472-OAOOR,0,0.2169852530941725
1060-ENTOF,0,0.1201519638716807
9773-PEQBZ,1,0.512547561777007
7268-WNTCP,0,0.002584489773874923
7519-JTWQH,0,0.07123432807440667
6184-DYUOB,0,0.23766947933092816
2266-SJNAT,0,0.12661164717499473
3646-ITDGM,0,0.0037034563056983195
3030-YDNRM,1,0.6339772559183683
5167-ZFFMM,1,0.914523841334943
3569-EDBPQ,0,0.3355866425642181
0780-XNZFN,0,0.003708109185122049
3594-BDSOA,0,0.04117018496822631
0804-XBFBV,0,0.35614056458299576
0939-YAPAF,1,0.6032697767614283
6500-JVEGC,0,0.09625414622145789
5091-HFAZW,1,0.7221979008302059
0019-EFAEP,0,0.04534472150386294
3003-CMDUU,0,0.49858836827913966
0725-CXOTM,0,0.10489324814024036
0771-CHWSK,0,0.016634602062418076
3887-PBQAO,0,0.03271995563290534
5472-CVMDX,0,0.006947612929703671
1221-GHZEP,0,0.009579034097172427
7421-ZLUPA,0,0.4185991711202509
6897-RWMUB,0,0.005909572624048164
9646-NMHXE,0,0.005621207623660201
8180-AKMJV,1,0.5215306552005992
2040-VZIKE,0,0.3665492725173704
1349-WXNGG,0,0.26208832330958043
7750-EYXWZ,0,0.31818261387085134
2615-YVMYX,0,0.37002452915545897
2007-QVGAW,0,0.0025977786302439163
3178-CIFOT,0,0.0576554959262937
8006-PYCSW,0,0.20307035669988072
8992-OBVDG,0,0.18169595915421005
9289-LBQVU,0,0.04914322647688375
4086-WITJG,0,0.0016449483147793168
4184-TJFAN,1,0.5194655127782503
2361-UPSND,0,0.028734210044984203
6537-OTKMY,0,0.38239416160048534
8044-BGWPI,0,0.17554543262608252
3585-YNADK,0,0.04300484915145501
4832-VRBMR,0,0.27941148328751403
5067-WJEUN,0,0.006199603409568539
8920-NAVAY,0,0.23839563036119385
7771-CFQRQ,0,0.012011966134722633
3113-IWHLC,0,0.22501166502991551
6849-OYAMU,0,0.2145889192703871
9500-WBGRP,0,0.0028461478442784404
7145-FEJWU,1,0.6840541508295804
8069-RHUXK,0,0.005874434648817352
8838-GPHZP,0,0.004038155709276554
0440-MOGPM,0,0.19867275924628852
1338-CECEE,0,0.07173613685033801
9026-RNUJS,0,0.3290477310706771
4109-CYRBD,0,0.28031105283008206
7718-UPSKJ,0,0.09487665837874444
2748-MYRVK,0,0.18377881970471754
5118-MUEYH,0,0.36703369347811965
9254-RBFON,0,0.23684674840024203
7032-LMBHI,0,0.06868887605185929
6288-CHQJB,0,0.007833914929784089
2159-TURXX,0,0.15642926736422125
5673-FSSMF,1,0.7886507587648423
0315-LVCRK,1,0.5173552837321945
9174-FKWZE,0,0.4474911303813904
1396-QWFBJ,0,0.31580109167741477
6621-NRZAK,0,0.0023789354265259495
7162-WPHPM,0,0.006614833537713423
6513-EECDB,1,0.9136546846833479
1298-PHBTI,0,0.03731333794259586
2178-PMGCJ,0,0.35864501945471766
4289-DTDKW,1,0.5646015318368569
7766-CLTIC,0,0.2439521523800837
4441-NIHPT,1,0.5486989227879592
0289-IVARM,0,0.08089382305901065
0699-NDKJM,0,0.1759844667948225
1833-TCXKK,0,0.46573114124311155
0757-WCUUZ,0,0.02027186629389825
9191-MYQKX,0,0.49147799093384
1970-KKFWL,0,0.014013746841415119
4710-NKCAW,0,0.14362737520394403
5365-LLFYV,0,0.38522892877322956
8707-RMEZH,0,0.07555693230413224
8205-VSLRB,0,0.009037297141422772
6139-ZZRBQ,0,0.004506179645617071
1131-SUEKT,0,0.12927931983726035
4686-UXDML,1,0.5868491574263854
1750-CSKKM,0,0.27145223573457455
8670-ERCJH,0,0.03610637167201911
5057-LCOUI,0,0.41658787381913315
6168-YBYNP,0,0.38874064168805655
2402-TAIRZ,0,0.16319102483628106
4566-GOLUK,0,0.3566390887617106
2080-CAZNM,1,0.5978474599011667
8519-IMDHU,1,0.6288200085576525
4753-PADAS,0,0.2297376698861695
5546-QUERU,0,0.08873132937228526
1423-BMPBQ,0,0.2960027219219147
3070-BDOQC,0,0.10495483781224933
2202-CUYXZ,1,0.908022202034016
9028-LIHRP,0,0.015107238023586243
3221-CJMSG,0,0.12291762006423751
4634-JLRJT,0,0.33352242661281173
1587-FKLZB,0,0.3796825986980613
6729-FZWSY,0,0.008706471071962282
8816-VXNZD,1,0.8981809126686662
9058-MJLZC,0,0.49258276600170253
1257-SXUXQ,0,0.1389219333964508
6383-ZTSIW,0,0.19105062934600217
1915-IOFGU,1,0.8076293965712699
1989-PRJHP,1,0.530867046890758
3466-RITXD,0,0.38270458951203645
9172-JITSM,1,0.5332194029393816
9135-HSWOC,0,0.0031691551544612453
3023-GFLBR,0,0.33798727918177013
1406-PUQVY,1,0.560997568006243
5915-DGNVC,0,0.06650223752757563
2323-ARSVR,0,0.0519296083030162
9626-WEQRM,0,0.40843919246017896
9909-DFRJA,0,0.16864404079048842
3701-SFMUH,0,0.22948618054026776
3966-HRMZA,1,0.561304481302319
1452-VOQCH,1,0.8981809126686662
1187-WILMM,0,0.017048354925701573
8999-BOHSE,1,0.5705485452959477
1666-JZPZT,0,0.1501240827283729
9110-HSGTV,0,0.01250531511409724
8012-SOUDQ,0,0.4978829684583667
2480-JZOSN,0,0.33734441965568307
0464-WJTKO,0,0.001648296344902525
3873-WOSBC,0,0.004276570215351306
3656-TKRVZ,0,0.24739845947451058
9500-IWPXQ,0,0.045298512664710744
7921-BEPCI,0,0.006490168944121081
7128-GGCNO,0,0.22510300079141266
8859-AXJZP,0,0.014512397963473353
2439-LYPMQ,1,0.621907268798414
5419-KLXBN,0,0.3623769311719155
5201-FRKKS,0,0.20645489995640678
0997-YTLNY,0,0.0915392926779935
3635-QQRQD,0,0.004029542548908565
5196-WPYOW,0,0.009235813039121321
1492-KGETH,0,0.01943475867001941
9851-QXEEQ,1,0.5563783624981866
9391-DXGGG,0,0.17449327647671248
0611-DFXKO,1,0.5375322100437588
8100-PNJMH,0,0.015394554388924163
0927-CNGRH,0,0.23142200293521423
2896-TBNBE,0,0.15251690807153043
3629-ZNKXA,1,0.6552575408944288
2254-DLXRI,1,0.8654794253239463
0319-QZTCO,0,0.3632955944994346
1194-SPVSP,0,0.26066904338654606
5774-QPLTF,0,0.016311021766149587
8807-ARQET,0,0.2977071494641798
1845-CSBRZ,0,0.45186854360362516
2479-BRAMR,0,0.28961643631891815
3580-HYCSP,0,0.05800664434827219
2351-RRBUE,0,0.07531848714299749
2324-EFHVG,0,0.10361294386145527
8257-RZAHR,0,0.2692581389290326
5311-IHLEI,0,0.29631458389986
2952-QAYZF,1,0.6632008816815155
1455-UGQVH,1,0.7506790482810056
3106-ULWFW,1,0.6411282938040053
0533-BNWKF,0,0.3575857156828677
3129-AAQOU,0,0.0239811737378003
1376-HHBDV,0,0.10071334883419651
1195-OIYEJ,1,0.6551753841888251
5146-CBVOE,0,0.3092904368113685
0308-GIQJT,0,0.14900274232287467
0617-FHSGK,0,0.18974316274431524
6234-RAAPL,0,0.020743740520425914
8749-JMNKX,0,0.3171338706420948
2480-SQIOB,0,0.2738268158322576
7268-IGMFD,0,0.4319812137268981
0203-HHYIJ,0,0.05832973971746648
3977-QCRSL,0,0.1573674194343146
6563-VNPMN,0,0.15145808984973136
0853-TWRVK,0,0.025674524114453777
1265-HVPZB,0,0.026239136288406135
6100-FJZDG,0,0.04454472322135268
7787-BNTZM,0,0.14891231307056657
4896-CPRPF,0,0.01253790010398977
2876-VBBBL,0,0.3331147460031436
6923-JHPMP,1,0.6595329455209928
6410-LEFEN,0,0.24365920844580644
4030-VPZBD,1,0.5618918448100073
5519-NPHVG,1,0.73239666831439
0330-IVZHA,1,0.5216386054644543
4304-XUMGI,0,0.0269660345130919
4274-DRSQT,0,0.1679687509540652
8731-WBBMB,0,0.15026051582992422
3703-VAVCL,1,0.568491739963882
3096-WPXBT,0,0.1258696570050619
6211-WWLTF,0,0.0424243251576357
0197-PNKNK,0,0.05726856139970244
4067-HLYQI,0,0.29393966897287055
2040-OBMLJ,0,0.15456486011535495
7537-CBQUZ,0,0.33960561834645303
0831-JNISG,0,0.0016932813111714437
2860-RANUS,1,0.5882483943926672
2650-GYRYL,0,0.03256171886418039
1205-WNWPJ,0,0.26463981827931443
5989-PGKJB,1,0.5412960077678395
6465-GSRCL,0,0.16112677706405346
4826-TZEVA,0,0.18572036050173155
5141-ZUVBH,0,0.26788147431595616
7130-VTEWQ,1,0.6794311784520497
8543-MSDMF,1,0.5020681154931744
1548-ARAGG,0,0.27125888985082547
7469-LKBCI,0,0.020942205732128863
9199-PWQVC,0,0.06715052408549557
9620-ENEJV,0,0.42251036896926564
6077-BDPXA,1,0.66187538507253
3396-DKDEL,0,0.04615062539821029
4088-YLDSU,0,0.29176118039265947
4742-TXUEX,0,0.004659070994037826
7665-NKLAV,0,0.01759149586640209
2014-MKGMH,0,0.40459265246936743
9867-XOBQA,0,0.03711929415118996
9497-QCMMS,1,0.9644144698147491
4349-GFQHK,1,0.634586865464235
8207-DMRVL,0,0.031827661560264994
8393-JMVMB,0,0.2609156367123944
1541-ETJZO,1,0.5119515562455538
6000-APYLU,1,0.6220157330634236
3374-PZLXD,0,0.046004608069780795
9971-ZWPBF,1,0.5214407250178142
2885-HIJDH,0,0.011822160413523944
3161-ONRWK,0,0.01626102914997387
4359-INNWN,0,0.054433717511238974
9079-YEXQJ,0,0.33634015721708926
5442-BXVND,0,0.06278108279117782
4625-EWPTF,0,0.4226622981650154
2105-PHWON,0,0.3771082352884324
3890-RTCMS,0,0.15463668027835564
5893-PYOLZ,0,0.022746064722945936
1166-PQLGG,0,0.00160212189804676
9507-EXLTT,1,0.8716083438262892
9524-EGPJC,1,0.5484319693408576
6633-SYEUS,0,0.20950869474416164
9114-VEPUF,0,0.1394850646167413
9150-HEPMB,0,0.02038882021160225
1895-QTKDO,0,0.4361321027639595
3987-KQDDU,0,0.36973845772848984
0822-GAVAP,1,0.7194052967542658
1373-ORVIZ,0,0.3360504587446122
6402-ZFPPI,1,0.5296517789883932
8261-GWDBQ,0,0.07608145888699536
4636-JGAAI,0,0.3567607993086288
9629-NHXFW,0,0.297541254260074
9067-SQTNS,0,0.015406545596670826
7789-HKSBS,0,0.32545916141601544
5451-MHQOF,0,0.02081957105162986
0023-XUOPT,1,0.5605656819074055
8454-AATJP,0,0.03699424478493834
6128-DAFVY,0,0.22664074660907235
2097-YVPKN,0,0.0045952754920316795
9415-TPKRV,0,0.27539537419152726
7716-YTYHG,0,0.22026409728095475
4486-EFAEB,0,0.18905740710353056
7815-PDTHL,0,0.013080846781408357
7746-AWNQW,0,0.2062270902507067
6103-LIANB,0,0.1029610174572286
5171-EPLKN,0,0.012971604189755435
0137-UDEUO,0,0.18012775796848718
2072-ZVJJX,0,0.0040537702548291135
0178-SZBHO,0,0.30874461873063236
1855-AGAWH,0,0.40159329842533054
1732-VHUBQ,0,0.1754778161926896
7270-BDIOA,1,0.5149415612309413
5948-UJZLF,0,0.30038782057488284
4558-CGYCZ,0,0.16742757379006407
6969-MVBAI,1,0.7309144003938465
0106-GHRQR,0,0.3195130175107994
9626-VFRGG,0,0.3480855587585413
5857-XRECV,0,0.1098725303534187
1506-YJTYT,0,0.012657297523166796
2252-JHJGE,0,0.1992190179914045
7234-FECYN,1,0.740194440373092
4190-MFLUW,0,0.12226331403763235
0549-CYCQN,0,0.19196674488399487
5494-WOZRZ,0,0.010661522483832111
6961-VCPMC,0,0.41309056898736907
4940-KHCWD,0,0.008282942692233083
4667-QONEA,0,0.029021646978598895
6048-NJXHX,0,0.013755893134923026
5393-HJZSM,0,0.06104460297514255
0208-BPQEJ,0,0.09908205870764228
1386-ZIKUV,0,0.1869296314174963
2876-GZYZC,1,0.6667064275641156
4957-SREEC,0,0.0018153173008140045
8148-WOCMK,0,0.02656228542993016
4700-UBQMV,0,0.1660921502845708
9945-PSVIP,0,0.016688703117578755
0675-NCDYU,0,0.0448725278450657
8338-QIUNR,0,0.0065156563200255875
2230-XTUWL,0,0.004507221814257507
3696-XRIEN,0,0.07359066466589059
0612-RTZZA,1,0.6868130470954235
6695-AMZUF,0,0.00854026484778612
2429-AYKKO,0,0.0018821747467604945
7516-GMHUV,0,0.12325430112759223
8160-HOWOX,0,0.48711170057937075
4763-PGDPO,1,0.5450511549678801
0980-FEXWF,0,0.05973517562194617
8220-OCUFY,0,0.0767061909770927
3896-RCYYE,0,0.14068270199811747
7860-UXCRM,0,0.0056596649802227025
5780-INQIK,0,0.19544290610145745
9139-WQQDY,0,0.21279828187575928
5701-GUXDC,0,0.09945602766663035
8812-ZRHFP,0,0.23274302656172557
3339-EAQNV,0,0.2430916574247103
8350-NYMVI,0,0.10963416203035878
6229-UOLQL,0,0.048895194311678505
6340-DACFT,0,0.004310958246265267
8035-BUYVG,0,0.11249621075305234
0295-QVKPB,0,0.28850475595266395
5871-DGTXZ,0,0.028913957130784963
9541-PWTWO,0,0.03776926007807716
9142-KZXOP,0,0.17615211436579478
5995-WWKKG,0,0.043047845828268524
9824-BEMCV,0,0.430807127218803
6372-RFVNS,1,0.8674316500400054
6855-VLGOS,0,0.0022775746641970056
2073-QBVBI,0,0.05877926648649225
6259-WJQLC,0,0.4246275096196814
8050-WYBND,0,0.2973142320743635
2978-XXSOG,0,0.12846186935037957
8224-DWCKX,1,0.5645513528350443
3308-MHOOC,0,0.29434707222819406
4432-ADRLB,0,0.3141586081394155
2905-KFQUV,1,0.6567549888194963
6507-DTJZV,0,0.24624680377882022
9036-CSKBW,0,0.17819052540939515
4837-QUSFT,0,0.10172993901942448
4987-GQWPO,0,0.2670250219884264
2351-BKRZW,0,0.01988846043862095
0348-SDKOL,0,0.3285334883437216
2749-CTKAJ,0,0.0385687493866693
1094-BKOSX,0,0.06944674398149023
2452-KDRRH,0,0.40787759483471075
2316-ESMLS,0,0.10192398894825555
4229-CZMLL,1,0.6619326575311967
0334-ZFJSR,0,0.029760307626089177
6728-VOIFY,0,0.23585624480992937
0963-ZBDRN,0,0.4575153895352283
9777-WJJPR,0,0.37949674931093397
8200-KLNYW,0,0.07989556212538639
7278-CKDNC,1,0.5405000198340747
2432-TFSMK,0,0.40425460460238805
5996-DAOQL,0,0.33393020128315515
3137-LUPIX,0,0.39060042958411567
6476-EPYZR,0,0.10073734648779666
8327-LZKAS,0,0.3935663379389402
7026-YMSBE,0,0.031623784726581665
2894-QOJRX,0,0.35411824560365146
2154-KVJFF,1,0.5481913099331427
2398-YPMUR,1,0.554375812391466
1725-IQNIY,0,0.03711478359745269
5140-FOMCQ,0,0.2056234450797728
6419-ZTTLE,0,0.09497347858728167
8970-ANWXO,0,0.18625847295024783
9572-MTILT,0,0.2378521215053648
9948-YPTDG,0,0.24641617658944343
1143-NMNQJ,1,0.848677002668962
1569-TTNYJ,1,0.6653968809514144
9924-JPRMC,0,0.06936505372236572
2067-QYTCF,0,0.36469627747151484
8481-YYXWG,1,0.5867653939040175
0326-VDYXE,0,0.2886469728674543
3452-SRFEG,0,0.2794783937489551
2770-NSVDG,0,0.2808934500530132
8614-VGMMV,0,0.33125456814166515
3727-OWVYD,0,0.03580121496353773
1731-TVIUK,1,0.6927645346397481
5760-IFJOZ,1,0.7413879132897337
8849-AYPTR,0,0.44656493212585247
1832-PEUTS,0,0.06623285002896025
9575-IWCAZ,0,0.12578728874000522
8277-RVRSV,0,0.03609656075699102
0727-BMPLR,0,0.4033571209819525
8309-PPCED,0,0.06983395131820455
3213-VVOLG,0,0.04743780042658689
7471-MQPOS,0,0.04301667324580519
9488-FVZCC,0,0.009463421017010799
1525-LNLOJ,0,0.01990290134503998
0621-JFHOL,0,0.09409501611504185
9670-BPNXF,0,0.027694788209841805
6888-SBYAI,0,0.4579628242873336
8695-WDYEA,0,0.379618725201156
4615-PIVVU,0,0.01724236175719101
5602-BVFMK,0,0.06776383005397736
2786-GCDPI,0,0.4930786307850336
2856-NNASM,0,0.4414825520717468
5310-NOOVA,0,0.00785120590115728
3716-UVSPD,1,0.5354728145669327
4712-UYOOI,0,0.09479801441406102
2790-XUYMV,0,0.06901558176364601
0810-DHDBD,0,0.035666830347126845
4334-HOWRP,0,0.025133364894592235
5734-EJKXG,0,0.20499616723085623
8775-CEBBJ,0,0.24812288482809564
5857-TYBCJ,1,0.5161356646108285
0577-WHMEV,0,0.3712401206133905
3982-XWFZQ,0,0.17726972871764313
3967-VQOGC,0,0.004959004369850864
4135-FRWKJ,0,0.04724522313993227
6715-OFDBP,1,0.5202154724619272
7963-GQRMY,0,0.23872416748913522
8769-KKTPH,0,0.17077433513928852
7639-LIAYI,0,0.026428085521841248
6630-UJZMY,1,0.7997689055813161
4355-HBJHH,0,0.029140364800698645
6921-OZMFH,0,0.2678511913379019
1307-ATKGB,0,0.4863946671645092
5175-WLYXL,0,0.4200229001034551
5906-BFOZT,0,0.3300599750664431
8382-SHQEH,1,0.7119560960447472
1391-UBDAR,0,0.4355221466534669
7674-YTAFD,0,0.13810556173810087
6695-FRVEC,0,0.004947753084334415
6629-LADHQ,0,0.24308012649324465
0722-TROQR,1,0.7418641213215386
1226-IENZN,1,0.6067995715747941
1112-CUNAO,1,0.6015347652018581
4937-QPZPO,0,0.2995358114083616
5214-NLTIT,0,0.05632473135251404
8679-JOEVF,0,0.22979124963378578
0260-ZDLGK,0,0.2773289183273811
7609-YBPXG,0,0.018974800603864198
0032-PGELS,0,0.4631002066111414
5186-SAMNZ,1,0.8377757802052413
0616-ATFGB,1,0.6885369044788927
9741-YLNTD,1,0.591380010381175
6891-JPYFF,0,0.32030435806478086
8450-JOVAH,0,0.2902335775145489
1194-BHJYC,0,0.030108875892162747
3177-LASXD,1,0.8099549482128117
0479-HMSWA,0,0.1333823593935146
6508-NJYRO,0,0.05974817507484235
1550-LOAHA,0,0.28794778746406957
9237-HQITU,1,0.7217804524953242
3778-FOAQW,0,0.04134479385386372
4138-NAXED,0,0.2005454463489955
9685-WKZGT,1,0.6246223233150218
5297-MDOIR,0,0.07448913585688059
6723-CEGQI,0,0.0130031576020505
6164-HAQTX,0,0.009898142816910583
6447-GORXK,0,0.14982901259234443
9762-YAQAA,0,0.16153138579169754
6827-IEAUQ,0,0.029289326007601552
7554-AKDQF,0,0.22013954748117065
5214-CHIWJ,0,0.03644526236252728
2581-VKIRT,0,0.016847525704899058
5889-LFOLL,1,0.6639477580615011
0641-EVBOJ,0,0.43057810604769414
6582-OIVSP,0,0.4448772851116746
3420-ZDBMA,1,0.5767995080353984
4636-QRJKY,1,0.5488789217659451
9388-ZEYVT,0,0.11387133080575358
3884-HCSWG,0,0.46769019277798707
6583-KQJLK,1,0.667279801202872
7459-RRWQZ,0,0.26555621133626517
