customerID,ypreds_lr,yprobs_lr
1794-HBQTJ,1,1.0
0356-OBMAC,1,0.956693184616566
4077-CROMM,1,0.9999999988256065
5442-PPTJY,1,1.0
2333-KWEWW,1,1.0
9402-ORRAH,1,1.0
2606-RMDHZ,1,0.9999999999998943
2346-CZYIL,1,0.9999999999999993
0373-AIVNJ,1,1.0
1577-HKTFG,0,0.0970386991715333
8619-IJNDK,0,4.884409649375614e-09
3727-RJMEO,1,1.0
4847-TAJYI,1,1.0
3755-JBMNH,1,1.0
8485-GJCDN,1,1.0
9878-TNQGW,1,1.0
4903-CNOZC,1,1.0
1343-EHPYB,0,2.0788981269222967e-19
6080-LNESI,1,0.9999702667684319
5649-TJHOV,1,0.999659509928043
1929-ZCBHE,1,0.9997366754092886
2773-MADBQ,1,0.9999999999999951
6728-CZFEI,1,1.0
8963-JLGJT,1,1.0
8760-ZRHKE,0,6.916154445519564e-14
2921-XWDJH,1,0.9805724489035136
9755-JHNMN,1,0.9999994555117613
3721-CNZHX,1,1.0
4369-HTUIF,1,1.0
5298-GSTLM,0,1.2494730257315855e-06
4021-RQSNY,1,0.9999999997933173
4282-MSACW,0,1.6913267569844882e-14
9639-BUJXT,0,7.556661400522959e-06
2012-NWRPA,1,1.0
2194-IIQOF,0,1.9213477048771966e-11
3133-PZNSR,0,3.703582089967755e-12
5702-SKUOB,1,0.9999999999834166
7322-OCWHC,0,4.398453504207585e-12
1568-LJSZU,0,1.6452508252956657e-09
5642-MHDQT,0,0.36512785545827064
5177-RVZNU,1,0.999999773436469
9763-GRSKD,1,0.9999999999999536
8714-EUHJO,1,0.9999998204868337
7088-FBAWU,1,0.9999999999999993
8922-NPKBJ,1,0.9999999903141558
0701-TJSEF,1,1.0
0093-XWZFY,1,0.9891808199148171
6862-CQUMB,1,0.9985347040648164
2599-CZABP,1,1.0
2889-FPWRM,0,8.561052288753894e-19
3186-AJIEK,0,7.559973851553317e-07
3070-DVEYC,1,1.0
3520-FJGCV,0,9.773145414756554e-14
4343-EJVQB,1,1.0
1842-EZJMK,0,1.120102473904604e-07
0970-QXPXW,1,0.9999999999993967
0940-OUQEC,1,1.0
7274-RTAPZ,1,1.0
0869-PAPRP,1,0.9999999999988769
7233-IOQNP,0,1.9016920648614591e-06
1576-PFZIW,0,1.6317918377784264e-11
8118-LSUEL,1,1.0
0640-YJTPY,0,9.835074902077765e-06
9940-HPQPG,1,1.0
6175-IRFIT,1,1.0
7617-EYGLW,1,0.9999999999995139
0667-NSRGI,1,0.9989420794523385
0454-OKRCT,1,1.0
6772-WFQRD,1,0.9999951942926705
2296-DKZFP,0,0.00035549947871033456
1032-MAELW,0,7.2001426865789316e-12
4658-HCOHW,1,1.0
1230-QAJDW,1,1.0
4183-MYFRB,1,0.9999999999999998
1561-BWHIN,1,0.9999999999999982
4250-FDVOU,1,1.0
1751-NCDLI,0,0.00017809415627815836
7137-RYLPP,1,0.9980676195460867
6166-ILMNY,1,1.0
4695-WJZUE,1,1.0
3717-OFRTN,1,0.9999999999995144
7025-WCBNE,1,0.9999999817965438
5325-UWTWJ,1,0.9999995567513711
5879-SESNB,1,1.0
9361-YNQWJ,0,2.483895979086551e-06
1830-GGFNM,0,2.126439923607866e-06
3537-RYBHH,0,2.1250542644103078e-07
8625-AZYZY,1,0.9999999999999991
6617-WLBQC,1,1.0
7563-BIUPC,1,1.0
6133-OZILE,1,0.9999999930492272
5386-THSLQ,0,3.2249824462210975e-08
5918-VUKWP,1,0.9999999991670003
3088-FVYWK,1,0.9996233218436632
1139-WUOAH,1,0.9634102073786915
4385-GZQXV,1,1.0
2293-IJWPS,0,0.00013448664580975714
7284-BUYEC,1,1.0
4922-CVPDX,1,1.0
3639-XJHKQ,1,0.9999999999723559
7979-CORPM,1,0.9999999999996063
3572-UOLYZ,0,6.878143075679577e-06
3745-HRPHI,0,0.00010350466040391663
6549-YMFAW,1,0.9999999996925422
2419-FSORS,0,2.222998735736908e-12
6982-UQZLY,1,0.9999999999999196
4184-VODJZ,0,4.2591033058925794e-08
6633-MPWBS,1,1.0
4123-FCVCB,1,1.0
4480-QQRHC,1,1.0
6537-QLGEX,1,0.9999999997504279
2027-CWDNU,1,1.0
3973-SKMLN,0,7.476849828049938e-05
4566-QVRRW,1,0.9999999999999611
1371-WEPDS,1,0.9999999858739679
9661-ACXBS,0,0.3602349152498764
3090-QFUVD,1,0.999999999999557
2642-DTVCO,1,1.0
5605-IYGFG,1,1.0
5939-XAIXZ,1,0.999999999986821
8547-NSBBO,1,0.9999502080102477
6734-FQAJX,0,6.300887227562575e-09
1447-PJGGA,1,0.9640950087240929
0022-TCJCI,1,0.9999927314106819
4827-LTQRJ,0,9.38220834150379e-12
7996-BPXHY,1,1.0
3315-IKYZQ,1,0.9999999999999987
1212-GLHMD,1,1.0
3923-CSIHK,0,9.311050925380297e-08
7706-YLMQA,0,1.6287969275523804e-08
7188-CBBBA,0,1.474545179297717e-09
2919-HBCJO,1,1.0
6047-SUHPR,1,0.9999999974633458
4853-RULSV,0,8.573516450449909e-11
7126-RBHSD,1,1.0
8033-ATFAS,0,0.03531812341887731
2612-RANWT,1,1.0
2265-CYWIV,1,1.0
0013-EXCHZ,1,1.0
9095-HFAFX,1,1.0
7244-QWYHG,1,0.990209389316923
6518-PPLMZ,1,0.9993348814441727
9927-DSWDF,1,1.0
7055-JCGNI,0,1.608412137661987e-11
7903-CMPEY,1,1.0
8808-ELEHO,1,1.0
3769-MHZNV,1,0.9999999999995275
6088-BXMRG,1,0.9999999904723834
7908-QCBCA,1,1.0
4522-XRWWI,1,0.9999999885765581
3768-NLUBH,0,9.216996405232428e-14
3261-CQXOL,0,7.721808374792463e-06
0674-EYYZV,1,1.0
1754-GKYPY,1,0.9999999999999991
0125-LZQXK,1,1.0
9504-YAZWB,1,0.9997601451950529
6131-JLWZM,1,0.9999999267810742
1142-IHLOO,1,0.990278150756375
3283-WCWXT,1,1.0
2135-DQWAQ,1,1.0
2931-VUVJN,0,2.6268311849196687e-05
6362-QHAFM,1,0.9999999999414422
3751-KTZEL,1,1.0
9221-OTIVJ,1,1.0
7760-OYPDY,1,1.0
9932-WBWIK,1,0.9999999890859533
1849-RJYIG,1,1.0
4717-GHADL,1,0.999999156329752
2229-DPMBI,1,1.0
6016-NXBNJ,1,0.9999999854691008
2519-LBNQL,0,1.720071591480112e-06
5562-YJQGT,1,0.9999999999988665
3253-HKOKL,1,0.93278706339503
4830-FAXFM,1,0.9999898109879807
0536-BGFMZ,1,0.6900938538558029
1478-VPOAD,1,1.0
7133-VBDCG,1,0.9999999999609037
8268-YDIXR,0,0.006069820021309428
6865-JZNKO,1,0.9999474490438223
2999-AANRQ,1,1.0
9492-TOKRI,1,1.0
5240-IJOQT,1,1.0
6784-XYJAE,1,0.9999999999870195
4909-JOUPP,0,4.789613852306146e-13
7762-URZQH,0,1.8810939337861134e-07
8882-TLVRW,0,3.7419193651462686e-06
7711-GQBZC,0,4.9615505097749005e-06
6579-JPICP,1,0.9999999999996212
8404-FYDIB,1,0.999999999982305
2405-LBMUW,0,1.847647028351653e-05
5975-BAICR,1,0.9999999999972871
7803-XOCCZ,0,4.313324972415446e-10
1135-LMECX,1,0.9999999999994671
5275-PMFUT,0,1.1693756012298701e-09
0666-UXTJO,1,0.9999918885214031
2397-BRLOM,1,1.0
5248-YGIJN,0,2.92821817625934e-11
8597-CWYHH,1,0.9999999994802962
2274-XUATA,0,8.977465027374944e-10
1660-HSOOQ,1,1.0
3422-GALYP,1,1.0
2754-SDJRD,1,1.0
3806-DXQOM,1,0.9999999999999984
4654-GGUII,1,1.0
2862-PFNIK,1,0.9999999999999942
0843-WTBXE,0,1.2019081790392304e-10
0224-NIJLP,1,1.0
3338-CVVEH,1,1.0
7721-DVEKZ,1,0.9999999999993967
9600-UDOPK,1,0.9999999969678108
8375-KVTHK,0,3.1097522776281162e-12
1930-WNXSB,0,4.355400325339021e-14
1986-PHGZF,1,0.999999999999363
8590-YFFQO,0,1.619816233991153e-08
8380-MQINP,1,0.9979935311763493
9776-CLUJA,0,1.7102157803051672e-08
6402-SSEJG,1,1.0
5980-NOPLP,0,0.0012446075685618979
4765-OXPPD,1,1.0
0876-WDUUZ,1,1.0
4628-CTTLA,0,2.884713816491433e-12
1136-XGEQU,1,0.9964678592953874
7795-CFOCW,1,0.999975603161536
0164-APGRB,0,1.2606722438905693e-14
2455-USLMV,1,0.9999997210719361
3058-WQDRE,1,0.9999999980811682
8512-WIWYV,1,0.9999999978071874
1468-DEFNC,0,0.024412448367655354
1666-JXLKU,1,0.9994056642086416
1282-IHQAC,0,1.088025588804518e-09
0118-JPNOY,1,0.9999999999934523
7966-YOTQW,1,0.9999999999999998
4503-BDXBD,1,1.0
5797-APWZC,1,1.0
7463-IFMQU,0,1.393174117381666e-05
3170-GWYKC,0,2.033897257143992e-16
8597-CTXVJ,0,1.2725671334929986e-12
9845-PEEKO,1,0.7885393492908633
7049-GKVZY,1,1.0
9420-LOJKX,1,1.0
8182-BJDSI,1,0.9999999995551243
6719-FGEDO,0,8.469532818713442e-13
1740-CSDJP,1,1.0
9415-DPEWS,1,1.0
6999-CHVCF,0,4.816705825054254e-10
2990-IAJSV,0,4.111585857903574e-12
0709-TVGUR,1,1.0
8857-CUPFQ,0,0.07519384601698616
5570-PTWEH,1,1.0
1216-BGTSP,0,0.0002914184086245327
3777-XROBG,1,0.9614852747295749
0516-UXRMT,0,9.205089989791727e-08
0236-HFWSV,1,1.0
5766-FTRTS,0,3.1226617460862053e-11
8161-QYMTT,1,1.0
6509-TSGWN,0,0.0008757010128187244
9777-IQHWP,0,0.00010519143726030936
2143-LJULT,0,0.0005807940941856424
5916-QEWPT,1,1.0
0112-QWPNC,1,0.9995244394199071
8510-BBWMU,1,0.9999917207042756
9795-VOWON,1,1.0
4029-HPFVY,1,1.0
3675-YDUPJ,1,0.9999999965467061
2122-SZZZD,1,0.999751679593595
8937-RDTHP,1,1.0
5960-WPXQM,1,1.0
5066-GFJMM,1,0.9999999999976197
1557-EMYVT,1,0.9999999999999616
1131-QQZEB,0,6.829145105234589e-06
3413-DHLPB,0,1.977287205409749e-15
8280-MQRQN,1,1.0
6968-MHOMU,0,0.0017532690806307749
9258-CNWAC,0,1.7939838912124674e-13
5696-JVVQY,1,0.9999999851342369
6022-UGGSO,1,0.9999979894970186
8272-ONJLV,1,1.0
2276-YDAVZ,1,1.0
1167-OYZJF,0,0.0072263468224074276
4098-NAUKP,0,8.921934719566303e-22
9480-BQJEI,0,1.374606591366043e-07
5019-GQVCR,0,0.011359657447880287
1122-JWTJW,1,1.0
2665-NPTGL,1,0.999999999999883
2519-TWKFS,1,1.0
7426-WEIJX,0,5.307946401322563e-16
3662-FXJFO,1,0.9997368156677793
4121-AGSIN,0,0.0006712591950216991
8010-EZLOU,1,1.0
2212-LYASK,1,0.9999999999999991
3186-BAXNB,1,1.0
9742-XOKTS,0,6.26493948240384e-12
4213-HKBJO,1,0.9999999999999065
7134-HBPBS,0,8.120328460616719e-13
7279-BUYWN,1,0.8874925206420383
7537-RBWEA,1,0.9999999999999953
5759-RCVCB,1,0.9999999999999998
5117-IFGPS,1,0.9999999991450195
7115-IRDHS,0,2.034889047618782e-06
7825-GKXMW,1,1.0
4568-TTZRT,1,0.9999999985481558
6981-TDRFT,1,0.9999995122676254
1209-VFFOC,0,9.565976430884856e-07
2252-NKNSI,1,0.9999576135274835
2737-YNGYW,1,1.0
1169-WCVAK,1,1.0
5515-IDEJJ,1,0.9999999999993667
6904-JLBGY,0,1.1447818511217332e-13
2799-ARNLO,1,1.0
4521-WFJAI,1,0.9954006276155356
3740-RLMVT,0,2.046253397550766e-10
8917-FAEMR,1,0.9999999999594997
9374-YOLBJ,1,0.9999999999993257
8573-JGCZW,1,0.9999999999999998
9734-UYXQI,1,1.0
0117-LFRMW,0,0.016549094210719623
2911-IJORQ,1,0.9999999999997533
0362-ZBZWJ,1,0.9993233667462061
1550-EENBN,1,0.9999999988886783
1078-TDCRN,1,0.9999999999999991
4415-IJZTP,1,1.0
4000-VGMQP,1,0.9999999999972917
9248-OJYKK,1,1.0
7511-YMXVQ,1,0.9999999999999996
1866-RZZQS,0,0.33053131740114444
5028-HTLJB,1,0.999999999999793
1682-VCOIO,1,0.9999999999998945
7460-ITWWP,0,0.00047098042439406115
6680-NENYN,1,0.9999999999990994
1200-TUZHR,1,1.0
9885-MFVSU,1,0.9999999999999922
0689-NKYLF,1,1.0
1452-KIOVK,1,0.9999999999999938
0687-ZVTHB,0,2.475721312243994e-09
8690-UPCZI,1,1.0
5868-YWPDW,1,1.0
2000-MPKCA,0,6.264377720489346e-05
0221-WMXNQ,1,1.0
2777-PHDEI,1,1.0
5821-MMEIL,1,0.986015237077237
5195-KPUNQ,0,0.46106603607923
3247-MHJKM,1,0.9999999999995712
7395-XWZOY,1,0.9999999997117683
1976-AZZPJ,1,0.9999999999998959
0742-MOABM,1,1.0
9752-ZNQUT,1,1.0
7919-ZODZZ,1,1.0
2037-SGXHH,1,0.9922004190722806
9057-SIHCH,1,1.0
6837-HAEVO,0,4.37515580176877e-10
7036-ZZKBD,1,0.9999712643530058
3128-YOVTD,0,1.9902390364124877e-09
5897-ZYEKH,0,1.6335537882919715e-12
3606-SBKRY,1,0.9999999999999856
2607-FBDFF,1,1.0
2792-LSHWX,1,1.0
1422-DGUBX,1,0.9999999999999998
5730-RIITO,0,4.402610497434065e-06
2259-OUUSZ,1,1.0
6258-PVZWJ,0,2.191289762484585e-09
5939-SXWHM,1,0.9999988246279029
5156-UMKOW,1,0.9999999999999922
2673-ZALNP,1,1.0
2187-PKZAY,1,1.0
3946-MHCZW,1,1.0
8046-DNVTL,0,0.12734558872573215
5965-GGPRW,0,5.766919744612049e-13
3094-JOJAI,1,0.999999999999996
3779-OSWCF,0,6.060812489874841e-11
8317-BVKSO,1,0.9999998215825482
5345-BMKWB,1,0.9999999994293298
1767-TGTKO,1,0.9999999999999993
8263-OKETD,1,0.9999999999991807
5016-LIPDW,0,0.0075720996211517955
5382-SOYZL,1,0.9999999999999993
3424-NMNBO,0,0.00014189104107113169
7054-ENNGU,1,0.9999999999999998
1353-GHZOS,1,1.0
7017-VFHAY,0,0.0006005257726087639
0742-LAFQK,0,1.6305226350480726e-13
4981-FLTMF,0,3.004584817398299e-14
7103-ZGVNT,0,1.3508154346993807e-11
9874-QLCLH,1,1.0
4631-OACRM,1,1.0
7314-OXENN,1,1.0
8650-RHRKE,1,0.9999999999999922
9928-BZVLZ,1,1.0
9695-IDRZR,1,1.0
0096-BXERS,1,1.0
3926-CUQZX,1,1.0
9638-JIQYA,1,0.9999999999999827
8727-XDPUD,1,0.9999999999997293
0409-WTMPL,0,2.7832668516995292e-05
9281-PKKZE,0,1.5039155976576722e-06
5223-UZAVK,0,2.401555748568456e-10
6015-VVHHE,1,1.0
8705-WZCYL,1,1.0
3486-HOOGQ,0,1.6338268893133142e-10
0727-BNRLG,0,1.1435183290676144e-09
8791-GFXLZ,1,0.9999999999999796
3541-ZNUHK,0,4.565477770155726e-12
1226-JZNKR,1,1.0
7734-DBOAI,1,1.0
5073-WXOYN,0,1.1867970887903097e-14
1763-KUAAW,1,0.9999999999999991
7892-QVYKW,1,0.9999999999999658
1346-UFHAX,1,1.0
5346-BZCHP,0,0.00017906765087145538
1299-AURJA,0,4.4771284222289905e-05
9046-JBFWA,1,0.6877451807584564
0628-CNQRM,1,1.0
5649-RXQTV,0,1.1259228630159654e-08
1120-BMWUB,1,0.9999999999993419
0716-BQNDX,0,0.27744213877691776
5376-PCKNB,0,3.2820505843385055e-16
0679-IDSTG,1,1.0
5701-ZIKJE,1,0.9999999999999716
5196-SGOAK,1,1.0
0537-QYZZN,1,0.9999999999974849
0130-SXOUN,0,1.806913280277875e-21
8066-POXGX,1,0.9999999999882629
5446-DKWYW,0,4.7116349817754465e-06
5035-PGZXH,0,0.03347059537814996
5832-TRLPB,1,1.0
0384-LPITE,1,0.9999999959654566
6933-FHBZC,1,1.0
9137-NOQKA,1,0.9999999999986442
7410-OIEDU,1,1.0
0257-KXZGU,1,0.9984573614730514
5696-EXCYS,1,1.0
1196-AMORA,1,1.0
8884-FEEWR,1,0.9999999724702212
2263-SFSQZ,1,0.9999814756097866
7811-JIVPF,1,0.9999999600134106
4817-KEQSP,0,6.924508329106725e-05
4644-OBGFZ,0,0.056959997384749696
8327-WKMIE,1,0.9999996645496325
2603-HVKCG,1,0.9999999987715935
5161-XEUVX,1,1.0
8766-PAFNE,0,1.1505003176561826e-09
9643-YBLUR,1,1.0
2925-VDZHY,0,1.4138322845796501e-12
8774-GSBUN,0,4.045107957390137e-06
7623-TRNQN,1,1.0
5641-DMBFJ,1,0.573056035464796
0224-HJAPT,1,1.0
1741-WTPON,1,0.8912469212979546
7446-SFAOA,1,0.9999998985765103
8387-UGUSU,1,0.999999121238367
7203-OYKCT,0,3.282006241057704e-16
2324-AALNO,1,0.9838853381486906
7941-RCJOW,0,0.03352374644535941
6140-QNRQQ,1,1.0
7969-AULMZ,1,1.0
2961-VNFKL,0,1.669423005413479e-05
4859-ZSRDZ,1,0.9597661932966263
7721-JXEAW,0,2.975737943382344e-14
1135-HIORI,0,1.4375665961608985e-10
7636-XUHWW,1,0.9999999999990183
7663-RGWBC,1,1.0
2995-YWTCD,1,1.0
2277-DJJDL,0,1.4052886371575584e-16
3259-FDWOY,0,1.1641387596823627e-12
0516-OOHAR,1,1.0
8067-NIOYM,1,1.0
2923-ARZLG,1,1.0
8967-SZQAS,1,0.9999999999996345
5312-UXESG,1,0.5817624658442531
7025-IWFHT,1,0.9999999998189331
8266-VBFQL,1,1.0
4654-ULTTN,0,1.6741242491989748e-09
7029-IJEJK,0,0.22199676041328056
0420-HLGXF,1,0.9693956642044488
6023-GSSXW,0,1.664438484580025e-06
0471-ARVMX,0,4.7640641254838705e-07
3223-DWFIO,1,1.0
7029-RPUAV,1,1.0
1177-XZBJL,0,0.09491966727209679
5480-TBGPH,1,0.9999999999999909
1271-SJBGZ,1,0.9999999999998954
9239-GZHZE,0,2.29725894706885e-13
9351-HXDMR,0,1.5408058285927996e-14
2373-NTKOD,1,1.0
2639-UGMAZ,0,1.3965864732931162e-11
7928-VJYAB,1,1.0
5740-YHGTW,0,3.643116282257669e-24
3148-BLQJT,1,0.9999999999995437
4723-BEGSG,0,6.084475908971154e-11
0080-OROZO,1,0.9999999999999996
5135-GRQJV,0,8.700858301162976e-14
5469-CTCWN,0,1.7510749959253795e-07
7636-PEPNS,0,0.007247689118260055
1077-HUUJM,1,1.0
9013-AQORL,0,5.3006548379131955e-08
6559-PDZLR,1,0.9999999999998417
2462-XIIJB,1,1.0
5370-IIVVL,1,0.9999999999999978
3445-HXXGF,0,1.5190096823568093e-13
9473-CBZOP,1,0.9999999999999998
7975-JMZNT,0,2.0843606767037293e-07
8143-ETQTI,1,1.0
6112-KTHFQ,1,0.9999998561738934
2800-QQUSO,0,0.22013532966651203
9585-KKMFD,1,0.9999999978146468
2931-FSOHN,1,0.9999999999999998
8292-TYSPY,1,0.9999999999601794
0744-GKNGE,0,2.0698112637536156e-18
6377-WHAOX,0,1.1305191819861202e-16
5307-DZCVC,1,0.9999999333573255
9090-SGQXL,0,7.767364172100618e-24
3580-GICBM,0,0.46794155790032943
4718-DHSMV,1,0.9999999999991851
6024-RUGGH,0,5.23022383884967e-06
0094-OIFMO,1,1.0
5828-AVIPD,1,1.0
7940-UQQUG,0,5.990333945285841e-10
7821-DPRQE,0,7.916110257854433e-24
4195-SMMNX,1,0.9999999999989901
3227-WLKLI,0,1.259658626693976e-06
4871-JTKJF,1,1.0
6313-GIDIT,0,2.559390370603745e-10
5949-XIKAE,1,1.0
0719-SYFRB,1,0.9999999999999998
6591-QGOYB,1,1.0
3251-YMVWZ,0,0.20944062217781137
1626-ERCMM,1,1.0
4727-MCYZG,1,1.0
7074-STDCN,0,0.011062178948045193
9931-KGHOA,0,6.981861262267661e-07
1732-FEKLD,0,0.3573204281570666
7785-RDVIG,1,0.9999999999931595
1241-EZFMJ,0,0.3830107543533883
5334-AFQJB,0,7.93678985660802e-06
5827-MWCZK,0,2.373944491795046e-13
3714-XPXBW,1,0.8362416595219034
4718-WXBGI,0,4.670365966394232e-12
0225-ZORZP,1,1.0
2338-BQEZT,0,8.756197352907887e-13
6976-BWGLQ,0,3.940076086301512e-06
6227-HWPWX,1,1.0
0017-DINOC,1,0.9993261695597064
1790-NESIO,1,1.0
9330-VOFSZ,0,0.01770134050914938
7503-MIOGA,0,7.555079790260431e-13
4678-DVQEO,1,1.0
6440-DKQGE,1,0.9999999999999991
7603-USHJS,1,1.0
1194-HVAIF,1,0.9999999999975528
2987-BJXIK,0,3.637143601229517e-10
1972-XMUWV,0,0.0004971971305831337
1069-XAIEM,1,1.0
2580-ASVVY,1,0.9999999999999725
8749-CLJXC,1,0.9999999999995293
5331-RGMTT,0,9.246287537614442e-11
5473-KHBPS,1,0.9426669025373898
8975-SKGRX,0,3.8571288865418684e-13
7130-CTCUS,1,0.9999999999997231
1436-ZMJAN,1,1.0
9134-CEQMF,1,1.0
2582-FFFZR,1,0.9999999985791945
0363-QJVFX,1,0.9999999953579355
4831-EOBFE,1,0.9999999997957139
3199-XGZCY,1,1.0
6078-VESFR,1,1.0
0080-EMYVY,1,1.0
3841-CONLJ,1,1.0
6960-HVYXR,1,1.0
2369-UAPKZ,1,1.0
8138-EALND,1,0.999998824291436
0489-WMEMG,1,1.0
0968-GSIKN,1,1.0
3705-PSNGL,1,0.9996097007674709
5236-PERKL,1,0.863864156185737
9705-IOVQQ,0,8.902805270432111e-07
4931-TRZWN,1,1.0
1465-LNTLJ,1,1.0
5743-KHMNA,0,3.907948975853095e-06
7874-ECPQJ,1,0.9999999999916744
9919-YLNNG,0,0.32844232677835283
5966-EMAZU,0,1.0559633113227321e-09
1958-RNRKS,1,0.9996097780493074
2034-GDRCN,1,1.0
8741-LQOBK,0,8.710062737796572e-08
3280-NMUVX,1,0.9999999843096401
3584-WKTTW,1,0.9936438560848214
0111-KLBQG,1,0.9999999923849058
6664-FPDAC,0,0.0010517307477767935
6344-SFJVH,1,0.9999914049620617
0621-CXBKL,1,0.9996043132927496
7382-DFJTU,1,0.9999999999730365
6867-ACCZI,1,1.0
4770-QAZXN,1,0.9999998719147958
5244-IRFIH,1,0.9999998429819399
8406-LNMHF,0,4.213531660298323e-05
4182-BGSIQ,1,0.9999999961004458
5950-AAAGJ,1,1.0
0585-EGDDA,0,0.39963485989626235
7503-ZGUZJ,1,1.0
2369-FEVNO,1,0.999999999999658
6898-MDLZW,1,0.9999999999999964
4429-WYGFR,1,0.9999965084568627
6538-POCHL,1,0.999980151035469
7552-KEYGT,1,0.9999999999999993
0811-GSDTP,1,0.9999999996621212
2144-ESWKO,1,0.9999965876779551
6933-VLYFX,1,0.9999999999999942
3370-GQEAL,1,0.9999999865243447
9048-JVYVF,1,1.0
1465-VINDH,1,1.0
7912-SYRQT,1,1.0
3084-DOWLE,0,2.3227137593873137e-11
2996-XAUVF,0,9.81363660525193e-06
2408-TZMJL,0,3.372804178025085e-05
7945-HLKEA,0,1.9127393798327326e-06
3050-GBUSH,1,0.9999999999999998
8034-RYTVV,0,0.07300845524976093
1769-GRUIK,1,0.999999999999998
2108-XWMPY,1,0.9999999999999998
7639-SUPCW,1,0.9999999774725138
0310-VQXAM,1,0.9999999980130032
4829-ZLJTK,0,7.841462874844643e-13
1374-DMZUI,1,1.0
6261-RCVNS,1,0.9999999215562124
4929-XIHVW,1,1.0
1297-VQDRP,0,6.53729890721736e-14
7470-DYNOE,0,0.37209965950547885
6479-OAUSD,1,0.9999999999988534
0406-BPDVR,1,0.6988810915868202
3473-XIIIT,1,1.0
4338-EYCER,1,0.9999999996007463
4115-NZRKS,1,1.0
4732-RRJZC,1,0.9999999997431168
8809-XKHMD,0,7.875410880544816e-13
7758-XKCBS,1,0.9999999976510971
0824-VWDPO,1,0.9999995908372326
0562-FGDCR,0,4.579581322414887e-11
2696-RZVZW,0,0.00048424999984101
7855-DIWPO,1,0.9999999999983056
3511-BFTJW,0,2.818512475650678e-07
6260-XLACS,1,1.0
7994-UYIVZ,1,1.0
8532-UEFWH,1,0.9998494478259309
4628-WQCQQ,1,0.9999999999999929
4398-HSCJH,1,1.0
5895-QSXOD,1,1.0
1399-UBQIU,1,1.0
3230-IUALN,1,0.999999999959508
8314-HTWVE,1,1.0
0723-VSOBE,1,0.9999029023926188
7392-YYPYJ,1,0.9999999999999996
9541-ZPSEA,0,1.865399436028951e-07
7619-PLRLP,1,0.6172780967943645
0623-IIHUG,1,0.9999999894011863
9689-PTNPG,1,1.0
2542-HYGIQ,1,0.9999999999994496
2205-LPVGL,0,0.0001510971822572013
3891-PUQOD,1,1.0
4360-QRAVE,0,0.030283452866340987
6127-IYJOZ,1,1.0
0148-DCDOS,1,0.9999999999999047
0301-KOBTQ,1,0.999999999999946
9298-WGMRW,0,1.1510060682152274e-13
5274-XHAKY,0,0.20364733758915005
7622-FWGEW,1,0.9723200144302345
9750-BOOHV,1,0.999999999968775
6689-TCZHQ,1,1.0
4661-NJEUX,1,0.9999999999996885
8818-XYFCQ,1,0.9999999544649986
7328-ZJAJO,1,0.6858398120225332
8982-NHAVY,1,1.0
8084-OIVBS,1,1.0
9143-CANJF,1,0.9999999245429606
0219-YTZUE,1,1.0
0508-SQWPL,1,0.9929126702040545
2023-VQFDL,1,0.999977158869047
5644-PDMZC,1,1.0
6181-AXXYF,0,1.0357723729127765e-06
2578-JQPHZ,1,0.9999999999992515
7730-IUTDZ,0,0.0020565736319599123
7858-GTZSP,1,1.0
1816-FLZDK,1,0.9999999999999991
2240-HSJQD,1,0.8859878055457165
5542-TBBWB,1,1.0
9732-KPKBW,1,1.0
8722-PRFDV,0,2.5996388345871823e-10
2710-WYVXG,1,1.0
7442-YGZFK,1,1.0
2930-UOTMB,1,0.9998537249811746
0254-FNMCI,0,1.2312540103082884e-11
9150-KPBJQ,1,1.0
5614-DNZCE,1,0.572268480301076
1775-KWJKQ,0,1.4683958480352977e-12
8819-WFGGJ,0,3.5784094003302875e-06
2995-UPRYS,1,0.9999999999851565
8258-GSTJK,1,1.0
9715-WZCLW,0,4.66327704308946e-11
3815-SLMEF,1,0.9999999999999989
3373-DIUUN,1,0.9999999999999676
6582-PLFUU,1,0.9998459936495753
0969-RGKCU,1,0.9999998479129817
5846-NEQVZ,0,3.202125060129345e-09
8938-UMKPI,0,8.347652203315024e-06
4412-YLTKF,1,0.9999999991089366
0186-CAERR,0,5.1395318327734664e-17
5561-NWEVX,1,1.0
2045-BMBTJ,1,0.999255722423538
1724-IQWNM,1,0.9999999999993361
4636-TVXVG,0,2.8918050058957864e-05
7951-QKZPL,1,0.9999999999999436
8777-MBMTS,0,1.1844298208318865e-05
8050-XGRVL,0,7.372136415425396e-07
0396-HUJBP,1,0.9999999999977784
9753-OYLBX,1,0.9999999999996441
8107-RZLNV,0,4.353024365007855e-12
3544-FBCAS,0,5.7958717971022825e-11
6407-UTSLV,1,1.0
4632-PAOYU,1,0.9999999999999534
7225-CBZPL,1,1.0
4797-AXPXK,1,1.0
5396-IZEPB,1,0.999999997548032
5313-FPXWG,1,0.808461452300082
9617-UDPEU,1,0.9999999999999691
9334-GWGOW,1,1.0
9722-UJOJR,1,0.9999999240964343
2969-WGHQO,1,1.0
1493-AMTIE,1,0.9999999999997569
3870-MQAMG,0,0.4543236725069551
3407-JMJQQ,0,8.285286696963154e-12
6619-RPLQZ,1,0.9999999443777574
6360-SVNWV,1,0.9999997398613845
2233-TXSIU,1,1.0
9018-PCIOK,1,0.996638637221069
8949-JTMAY,1,0.9999999998006284
1400-MMYXY,1,1.0
7625-XCQRH,1,1.0
2892-GESUL,1,1.0
6645-MXQJT,1,1.0
1921-KYSAY,1,0.9999999909235261
9782-LGXMC,0,5.207359803021719e-09
7244-KXYZN,1,0.9999999999995643
4367-NHWMM,1,0.9999999999999947
3737-GCSPV,1,1.0
0440-UEDAI,1,0.6132958108266612
3317-HRTNN,1,1.0
8853-TZDGH,0,5.456963342034781e-13
9793-WECQC,1,0.9999999999999964
5564-NEMQO,1,1.0
0804-YGEQV,1,0.9999761534641451
9250-WYPLL,1,1.0
1184-PJVDB,1,1.0
7159-NOKYQ,0,5.089412655236281e-08
5188-HGMLP,0,4.8093079052956574e-11
3806-YAZOV,1,0.9999999999922362
4403-BWPAY,1,1.0
9391-TTOYH,1,0.9966259454877585
1833-VGRUM,1,1.0
4900-MSOMT,0,6.191742618379214e-11
5748-RNCJT,0,5.759284021006199e-10
6128-CZOMY,1,1.0
5893-KCLGT,0,2.3330786140136845e-06
8107-KNCIM,1,1.0
4550-EVXNY,1,1.0
8064-RAVOH,1,1.0
5046-NUHWD,1,0.9999074173225367
4353-HYOJD,1,0.9999807328977373
1810-MVMAI,1,0.9999823589979129
7711-YIJWC,0,1.755621606884796e-07
8316-BBQAY,0,0.00013281563573874203
9518-XXBXE,1,1.0
6339-RZCBJ,1,0.9999999750815001
4078-SAYYN,1,1.0
4450-YOOHP,0,0.045852972792829884
6067-NGCEU,0,6.688291697400139e-21
7402-PWYJJ,1,0.7492042229157241
1047-RNXZV,1,0.99999998279116
3904-UKFRE,1,1.0
1755-FZQEC,1,0.9999980973784153
6734-GMPVK,1,1.0
1776-SPBWV,1,0.9999999938750908
5375-XLDOF,0,7.355537450493894e-10
1657-DYMBM,1,0.9993191132059809
2070-FNEXE,1,1.0
5845-BZZIB,1,0.9999999999979996
6393-WRYZE,1,0.9999997697361178
9229-RQABD,1,0.9999999999999998
8294-UIMBA,1,1.0
2211-RMNHO,0,3.7112976022611983e-07
8519-QJGJD,1,1.0
8439-LTUGF,1,0.9999999963271855
8720-RQSBJ,1,1.0
1658-XUHBX,0,9.27587674658908e-16
5226-NOZFC,1,0.9999999999956466
5424-RLQLC,1,1.0
1757-TCATG,1,0.9999999559553642
8024-XNAFQ,0,3.9702623977422917e-13
4163-HFTUK,1,0.7140429277144508
3707-GNWHM,1,1.0
3143-JQEGI,1,1.0
1728-CXQBE,0,1.6078667617382124e-19
6557-BZXLQ,1,0.9999999999999998
7929-SKFGK,0,2.998355545848644e-13
7841-TZDMQ,1,1.0
3621-CHYVB,0,3.692497859471662e-13
1403-LKLIK,1,0.9999999984696297
5389-FFVKB,1,0.9999996412755746
4778-IZARL,0,0.0003548273890837448
5249-QYHEX,1,0.9999999996837596
6147-CBCRA,0,0.008991413010853645
2908-ZTPNF,0,0.026724576726690236
3640-JQGJG,1,0.9999999999993945
2696-NARTR,1,1.0
9465-RWMXL,1,0.9999985759143725
7404-JLKQG,1,1.0
0639-TSIQW,0,1.0401199325235283e-22
0749-IRGQE,1,0.9999999999999483
6295-OSINB,0,6.875132829497114e-13
3795-GWTRD,0,0.00037040196636623223
5287-QWLKY,0,1.697041532948515e-26
7742-MYPGI,1,1.0
6490-FGZAT,1,0.9999999999508657
4376-KFVRS,0,5.354501075015402e-15
6631-HMANX,0,1.2905415190933086e-11
4973-RLZVI,1,0.9999999999999998
1293-BSEUN,0,1.1963786695711442e-05
2325-WINES,1,1.0
6743-HHQPF,0,5.155691723337871e-06
4813-HQMGZ,1,1.0
0374-FIUCA,0,0.006343140209995594
8201-AAXCB,1,0.999999992142289
2257-BOVXD,1,0.9999999999999998
0329-GTIAJ,1,1.0
2720-WGKHP,1,1.0
6168-WFVVF,1,1.0
9308-ANMVE,0,6.722283574322925e-08
5696-CEIQJ,0,2.827476425962237e-08
7808-DVWEP,1,0.9999999999969806
1061-PNTHC,0,1.209949928887986e-12
6518-KZXCB,1,1.0
1043-YCUTE,1,0.9972421199793402
9220-CXRSC,0,7.912486747941982e-07
7079-QRCBC,1,0.9999999999999942
9680-NIAUV,0,1.5927522587268447e-14
7105-MXJLL,1,1.0
3683-QKIUE,1,1.0
6384-VMJHP,0,1.8573569465597496e-10
9944-AEXBM,1,0.9999997768436034
6131-FOYAS,1,0.9020195509502865
0428-IKYCP,1,0.9999999999999967
2626-VEEWG,0,0.002461627411848186
8225-BTJAU,1,1.0
8690-ZVLCL,0,1.016173400467822e-09
8631-NBHFZ,0,2.3482982937798117e-06
7073-QETQY,0,7.473854391160705e-07
5458-CQJTA,0,4.1716121732927414e-05
0971-QIFJK,0,0.00014553554791799808
5609-CEBID,1,1.0
5696-QURRL,1,1.0
6137-MFAJN,0,7.592294932465682e-08
5170-PTRKA,1,0.9846293511648477
3791-LGQCY,0,5.004354584695018e-13
3780-DDGSE,1,0.9946327035525665
3389-KTRXV,1,1.0
2697-NQBPF,1,0.9999998422340233
2386-LAHRK,1,1.0
4707-YNOQA,1,0.9999999955152583
8098-TDCBU,1,0.9999999972324114
5288-AHOUP,1,1.0
3049-NDXFL,1,1.0
9102-OXKFY,1,0.7351868831213971
3308-DGHKL,0,0.00011656439176228115
5256-SKJGO,0,0.008532226317075458
5439-WIKXB,1,0.7014272151825222
1251-KRREG,1,1.0
4612-SSVHJ,1,0.9999999999999987
9625-QSTYE,1,1.0
9823-EALYC,0,1.2157599989125393e-10
5198-HQAEN,1,0.9999999999999971
1293-HHSHJ,1,0.9999999797286256
3374-LXDEV,1,1.0
0516-VRYBW,1,0.9999999999999991
7879-CGSFV,0,0.06528047555523002
0343-QLUZP,0,0.3824661229697807
0708-LGSMF,1,1.0
9840-DVNDC,1,1.0
0817-HSUSE,1,1.0
2898-MRKPI,0,2.7311202541480486e-12
8580-QVLOC,0,3.669384557511483e-11
2466-FCCPT,1,0.999999999999994
3644-QXEHN,1,1.0
7663-CUXZB,0,0.2570888407856102
1010-DIAUQ,1,1.0
5447-WZAFP,1,0.9465267660070839
6993-OHLXR,1,1.0
1089-HDMKP,1,0.9999999999999993
8739-XNIKG,1,1.0
2840-XANRC,1,0.9999999999999858
0655-YDGFJ,1,0.999905257325469
9154-QDGTH,1,0.9999999993358106
0946-FKYTX,1,0.6333303916934988
8208-EUMTE,1,1.0
3055-OYMSE,0,6.382282831057077e-11
7030-NJVDP,1,0.9999999999995632
8070-AAWZP,1,0.9999828950086909
0258-NOKBL,1,1.0
9620-QJREV,1,0.9862038308187157
9489-UTFKA,1,1.0
8887-IPQNC,1,0.9999999999999998
1564-HJUVY,1,1.0
4277-UDIEF,1,0.9999999999900997
0436-TWFFZ,0,1.710721709866512e-07
9124-LHCJQ,1,1.0
4779-ZGICK,1,0.9999965044751552
1197-BVMVG,1,1.0
4713-LZDRV,1,1.0
5666-MBJPT,0,0.0038582696195039647
3988-RQIXO,1,1.0
0487-CRLZF,1,0.9999998044622105
2082-CEFLT,1,1.0
1767-CJKBA,0,0.0013294779201497
2391-SOORI,1,1.0
5960-MVTUK,1,0.9999999999999969
0829-DDVLK,1,1.0
6345-FZOQH,0,0.0002385773371193793
1565-RHDJD,1,1.0
5816-QVHRX,1,0.9999280604054174
0952-KMEEH,1,1.0
5882-CMAZQ,1,0.9999999999999949
7305-ZWMAJ,1,0.9999999999050535
6061-GWWAV,1,0.9999999861354221
9300-RENDD,1,1.0
6365-HITVU,0,1.159757136877395e-11
4573-JKNAE,1,1.0
1612-EOHDH,1,1.0
6475-VHUIZ,1,0.9999999884285987
2108-YKQTY,1,1.0
4484-GLZOU,0,2.3488648106653374e-10
2832-SCUCO,1,0.9999999999987483
5756-JYOJT,1,1.0
2612-RRIDN,1,1.0
2592-SEIFQ,1,0.9999999999999492
7452-FOLON,1,0.9999994351201666
3472-OAOOR,1,0.9999999581961281
1060-ENTOF,0,1.4603678034131479e-12
9773-PEQBZ,1,1.0
7268-WNTCP,0,0.16483727849804775
7519-JTWQH,0,1.5560939961136538e-09
6184-DYUOB,1,0.9999999999968006
2266-SJNAT,0,7.79975962379092e-17
3646-ITDGM,1,0.9966221308751655
3030-YDNRM,1,1.0
5167-ZFFMM,1,1.0
3569-EDBPQ,1,0.9999999999994662
0780-XNZFN,1,0.9905947300442584
3594-BDSOA,1,0.9999999999997158
0804-XBFBV,1,0.9999999994477744
0939-YAPAF,1,0.9999955823914831
6500-JVEGC,0,3.504867980907201e-14
5091-HFAZW,1,1.0
0019-EFAEP,0,3.4003208029250486e-12
3003-CMDUU,1,0.9999999999998925
0725-CXOTM,1,0.999999999999837
0771-CHWSK,0,1.4161564730192962e-05
3887-PBQAO,1,0.9992536110407587
5472-CVMDX,0,1.7763291645445952e-05
1221-GHZEP,0,0.057878976598263326
7421-ZLUPA,1,0.9999999999986997
6897-RWMUB,0,0.015537954426574374
9646-NMHXE,1,0.9999987521681205
8180-AKMJV,1,1.0
2040-VZIKE,0,7.628276722767579e-07
1349-WXNGG,1,0.999999999999597
7750-EYXWZ,1,1.0
2615-YVMYX,0,1.4529349764063168e-26
2007-QVGAW,0,0.0012455602036790425
3178-CIFOT,1,0.999999999999877
8006-PYCSW,1,0.9999999999987268
8992-OBVDG,1,0.999999999861414
9289-LBQVU,0,2.6645248967053758e-08
4086-WITJG,0,6.510102897925011e-05
4184-TJFAN,1,1.0
2361-UPSND,1,0.9999743356110078
6537-OTKMY,1,1.0
8044-BGWPI,1,0.9999999764978885
3585-YNADK,0,0.00026876297719145316
4832-VRBMR,0,7.34783811613035e-11
5067-WJEUN,0,1.454450991084001e-06
8920-NAVAY,0,2.6404639558229415e-09
7771-CFQRQ,1,0.9999999792128036
3113-IWHLC,1,1.0
6849-OYAMU,1,1.0
9500-WBGRP,0,0.0006513536174235578
7145-FEJWU,1,1.0
8069-RHUXK,0,3.498175223502006e-05
8838-GPHZP,0,0.13149674944151987
0440-MOGPM,1,0.9999999996557754
1338-CECEE,1,0.9999999877097397
9026-RNUJS,1,1.0
4109-CYRBD,1,0.9999742042398387
7718-UPSKJ,0,8.693393205288627e-14
2748-MYRVK,0,9.233388766634659e-08
5118-MUEYH,0,1.361682511119739e-06
9254-RBFON,1,1.0
7032-LMBHI,1,0.9999999999808533
6288-CHQJB,1,0.9967543054681116
2159-TURXX,1,0.9999999999697886
5673-FSSMF,1,1.0
0315-LVCRK,1,1.0
9174-FKWZE,1,0.9999999999997191
1396-QWFBJ,1,0.9999999999997391
6621-NRZAK,0,0.12167425221093621
7162-WPHPM,0,0.22440841431216402
6513-EECDB,1,1.0
1298-PHBTI,0,8.787955650278237e-11
2178-PMGCJ,1,0.9999999999973384
4289-DTDKW,1,0.9078132685003821
7766-CLTIC,1,1.0
4441-NIHPT,1,1.0
0289-IVARM,1,0.9735964255439153
0699-NDKJM,0,6.845886680862227e-14
1833-TCXKK,0,0.001214397942426513
0757-WCUUZ,1,0.9993150580855659
9191-MYQKX,1,1.0
1970-KKFWL,1,0.9999999999987992
4710-NKCAW,1,1.0
5365-LLFYV,1,1.0
8707-RMEZH,0,4.0684597485022616e-13
8205-VSLRB,0,6.988387643208388e-10
6139-ZZRBQ,0,0.1401488152949875
1131-SUEKT,0,1.745816884664558e-07
4686-UXDML,1,1.0
1750-CSKKM,1,1.0
8670-ERCJH,0,1.1096680954587325e-13
5057-LCOUI,0,0.023586797764472735
6168-YBYNP,0,1.3185151204734063e-15
2402-TAIRZ,1,0.9999999999988234
4566-GOLUK,0,1.0112455859745067e-05
2080-CAZNM,1,0.9659656467118597
8519-IMDHU,1,1.0
4753-PADAS,0,8.070450676010103e-11
5546-QUERU,1,1.0
1423-BMPBQ,1,0.9999999999992673
3070-BDOQC,0,0.11755252065228251
2202-CUYXZ,1,1.0
9028-LIHRP,0,2.405985210144119e-12
3221-CJMSG,1,0.9999997520317472
4634-JLRJT,1,0.9999999999997413
1587-FKLZB,0,1.9030913440542027e-22
6729-FZWSY,0,1.0276580732963008e-06
8816-VXNZD,1,1.0
9058-MJLZC,1,0.999999999999978
1257-SXUXQ,1,0.9999999999557314
6383-ZTSIW,1,0.9999999999990714
1915-IOFGU,1,1.0
1989-PRJHP,1,0.9999999997751665
3466-RITXD,1,0.999999999997571
9172-JITSM,1,0.9999999999980875
9135-HSWOC,0,0.04587775623363582
3023-GFLBR,1,0.9999978488136576
1406-PUQVY,1,1.0
5915-DGNVC,1,0.9984705512344749
2323-ARSVR,0,4.0810424639534163e-08
9626-WEQRM,1,0.9999999999999802
9909-DFRJA,1,1.0
3701-SFMUH,1,1.0
3966-HRMZA,1,1.0
1452-VOQCH,1,1.0
1187-WILMM,0,0.00011492964747523754
8999-BOHSE,1,1.0
1666-JZPZT,1,0.9999845967854686
9110-HSGTV,0,4.1622976382869586e-08
8012-SOUDQ,0,0.027770679038932204
2480-JZOSN,1,0.9999999999997766
0464-WJTKO,0,8.048955104732497e-06
3873-WOSBC,0,0.0002689488409491788
3656-TKRVZ,1,1.0
9500-IWPXQ,0,1.1436233763912662e-06
7921-BEPCI,0,4.449873268185377e-09
7128-GGCNO,0,1.7690573829479923e-05
8859-AXJZP,1,0.9999999999312768
2439-LYPMQ,1,0.997664247702105
5419-KLXBN,1,0.9999999999985061
5201-FRKKS,1,0.9999999993088462
0997-YTLNY,1,0.9999999989873296
3635-QQRQD,0,0.3921657893598895
5196-WPYOW,0,4.092509151859038e-10
1492-KGETH,0,2.1065361306509553e-13
9851-QXEEQ,1,0.6918018919461577
9391-DXGGG,1,0.9999999091413692
0611-DFXKO,1,0.9999999999999998
8100-PNJMH,0,3.6395612632334366e-09
0927-CNGRH,1,0.9999999999991411
2896-TBNBE,1,0.9999999999695239
3629-ZNKXA,1,1.0
2254-DLXRI,1,1.0
0319-QZTCO,1,1.0
1194-SPVSP,1,0.9999999999994833
5774-QPLTF,1,0.9588612856638221
8807-ARQET,0,0.0002764563872091341
1845-CSBRZ,1,0.9999999999999469
2479-BRAMR,0,0.409206927701759
3580-HYCSP,0,2.7730770651303444e-13
2351-RRBUE,1,1.0
2324-EFHVG,0,1.4903841285427103e-05
8257-RZAHR,1,0.9999999999999996
5311-IHLEI,1,0.9999999999999931
2952-QAYZF,1,1.0
1455-UGQVH,1,1.0
3106-ULWFW,1,1.0
0533-BNWKF,0,6.988648658944651e-13
3129-AAQOU,1,1.0
1376-HHBDV,1,0.9971687372417671
1195-OIYEJ,1,1.0
5146-CBVOE,1,1.0
0308-GIQJT,0,1.6982735088601373e-15
0617-FHSGK,0,3.452665336995772e-08
6234-RAAPL,0,6.848302413399458e-13
8749-JMNKX,0,7.795884170075115e-09
2480-SQIOB,1,1.0
7268-IGMFD,1,1.0
0203-HHYIJ,1,0.9999999999997504
3977-QCRSL,1,0.9999999999668412
6563-VNPMN,0,0.00019847781817081443
0853-TWRVK,0,5.598794755718778e-13
1265-HVPZB,0,2.623171032324703e-05
6100-FJZDG,1,0.9999999999986022
7787-BNTZM,1,0.9999999999268636
4896-CPRPF,1,0.9999999999995661
2876-VBBBL,1,0.9999999999997247
6923-JHPMP,1,1.0
6410-LEFEN,1,0.9999999999999973
4030-VPZBD,1,0.9999999999999996
5519-NPHVG,1,1.0
0330-IVZHA,1,1.0
4304-XUMGI,1,0.9999977018813195
4274-DRSQT,0,6.076306221994583e-11
8731-WBBMB,1,0.999999999902135
3703-VAVCL,1,1.0
3096-WPXBT,0,1.2345046408483853e-06
6211-WWLTF,0,4.880133361081792e-05
0197-PNKNK,0,6.006729899675929e-13
4067-HLYQI,1,0.999709733842142
2040-OBMLJ,1,1.0
7537-CBQUZ,0,4.901893809586275e-20
0831-JNISG,0,2.6291087679289786e-05
2860-RANUS,1,0.9999999999999998
2650-GYRYL,1,0.9999999983485384
1205-WNWPJ,1,1.0
5989-PGKJB,1,1.0
6465-GSRCL,0,7.516238302340735e-13
4826-TZEVA,0,0.11463773559033334
5141-ZUVBH,1,1.0
7130-VTEWQ,1,1.0
8543-MSDMF,1,1.0
1548-ARAGG,1,1.0
7469-LKBCI,1,1.0
9199-PWQVC,0,5.875267971107359e-07
9620-ENEJV,1,1.0
6077-BDPXA,1,1.0
3396-DKDEL,0,6.168138548735276e-13
4088-YLDSU,0,0.07770782068279886
4742-TXUEX,1,0.9999993764535813
7665-NKLAV,1,0.9999999999996765
2014-MKGMH,1,0.9999997740106892
9867-XOBQA,1,1.0
9497-QCMMS,1,1.0
4349-GFQHK,1,1.0
8207-DMRVL,0,3.825210937124237e-14
8393-JMVMB,1,0.999999999999317
1541-ETJZO,1,1.0
6000-APYLU,1,1.0
3374-PZLXD,0,0.0031458858935480513
9971-ZWPBF,1,0.9999999260584597
2885-HIJDH,0,2.8485390692595226e-10
3161-ONRWK,0,1.2866116418780932e-05
4359-INNWN,1,0.9999999999999998
9079-YEXQJ,0,1.1872330480352578e-11
5442-BXVND,0,0.014297710050772058
4625-EWPTF,1,0.9999999999994265
2105-PHWON,1,0.9999998270273883
3890-RTCMS,1,0.999999999994744
5893-PYOLZ,1,0.99161054146742
1166-PQLGG,0,5.52411374763312e-06
9507-EXLTT,1,1.0
9524-EGPJC,1,1.0
6633-SYEUS,1,0.9999999999981297
9114-VEPUF,0,5.6633763406881756e-08
9150-HEPMB,0,0.003186728029311968
1895-QTKDO,1,1.0
3987-KQDDU,1,1.0
0822-GAVAP,1,1.0
1373-ORVIZ,1,1.0
6402-ZFPPI,1,0.9999999999999827
8261-GWDBQ,0,0.014032073108588434
4636-JGAAI,1,0.9999836450427587
9629-NHXFW,1,0.9999999999994282
9067-SQTNS,1,0.9996741532355703
7789-HKSBS,1,0.999999999015301
5451-MHQOF,0,0.007461655686324329
0023-XUOPT,1,1.0
8454-AATJP,0,1.6569505553608194e-14
6128-DAFVY,0,1.1146231279653592e-12
2097-YVPKN,0,0.007210260114826275
9415-TPKRV,1,1.0
7716-YTYHG,1,0.9998236144912495
4486-EFAEB,1,0.9999999624979806
7815-PDTHL,1,0.9999999999985956
7746-AWNQW,1,0.9988576083483649
6103-LIANB,0,0.26889891761131024
5171-EPLKN,1,0.9999999999999996
0137-UDEUO,1,0.9999999999956375
2072-ZVJJX,0,0.00023306114478527452
0178-SZBHO,0,8.545181603232664e-06
1855-AGAWH,1,1.0
1732-VHUBQ,0,1.1877563484341585e-06
7270-BDIOA,1,0.9999999999999969
5948-UJZLF,1,1.0
4558-CGYCZ,1,0.9999999999877602
6969-MVBAI,1,1.0
0106-GHRQR,1,0.9999999999999993
9626-VFRGG,0,0.15320208030286914
5857-XRECV,1,1.0
1506-YJTYT,1,0.9999999986833639
2252-JHJGE,0,3.449249198263579e-07
7234-FECYN,1,1.0
4190-MFLUW,1,0.9999999999999998
0549-CYCQN,1,0.9930762000272053
5494-WOZRZ,0,3.53402294250798e-11
6961-VCPMC,0,0.0001297983455590001
4940-KHCWD,0,0.3992226316513194
4667-QONEA,0,4.8985924095851345e-06
6048-NJXHX,1,0.9999999980748546
5393-HJZSM,1,0.9999668382545688
0208-BPQEJ,1,0.9999999614277956
1386-ZIKUV,1,0.9999999997298015
2876-GZYZC,1,1.0
4957-SREEC,0,3.795061072397666e-05
8148-WOCMK,1,1.0
4700-UBQMV,1,1.0
9945-PSVIP,1,1.0
0675-NCDYU,0,1.0202720000095243e-14
8338-QIUNR,0,4.636716518241112e-10
2230-XTUWL,1,0.9999987150986346
3696-XRIEN,1,0.9873143417894605
0612-RTZZA,1,0.9999999999999967
6695-AMZUF,0,1.2725185400238013e-09
2429-AYKKO,0,1.1364741132189822e-05
7516-GMHUV,1,0.9999999818185118
8160-HOWOX,1,1.0
4763-PGDPO,1,1.0
0980-FEXWF,1,1.0
8220-OCUFY,1,1.0
3896-RCYYE,0,2.034009264092488e-19
7860-UXCRM,0,0.0002769983561521628
5780-INQIK,1,0.9999999999999998
9139-WQQDY,1,0.9997837548010479
5701-GUXDC,1,0.9999999999999767
8812-ZRHFP,1,1.0
3339-EAQNV,0,2.2505901131015516e-16
8350-NYMVI,0,0.0016305381333836168
6229-UOLQL,0,0.01987996846954916
6340-DACFT,1,0.9999695744736485
8035-BUYVG,1,0.9999999468254072
0295-QVKPB,1,1.0
5871-DGTXZ,1,0.9999999990749939
9541-PWTWO,1,0.99998525767127
9142-KZXOP,0,0.00019488338157894457
5995-WWKKG,1,0.9999999349541202
9824-BEMCV,1,0.9999999999999987
6372-RFVNS,1,1.0
6855-VLGOS,0,1.766195647424221e-05
2073-QBVBI,1,0.9999996556853208
6259-WJQLC,1,0.9999984034320244
8050-WYBND,1,1.0
2978-XXSOG,1,0.999999999384533
8224-DWCKX,1,1.0
3308-MHOOC,1,0.9999999999992937
4432-ADRLB,1,1.0
2905-KFQUV,1,1.0
6507-DTJZV,1,1.0
9036-CSKBW,1,0.9217082129946891
4837-QUSFT,0,4.037495382342439e-11
4987-GQWPO,1,0.9999998296241862
2351-BKRZW,1,0.9999999999886724
0348-SDKOL,0,9.030907831475889e-15
2749-CTKAJ,1,0.9999999999999647
1094-BKOSX,1,0.999988382374574
2452-KDRRH,0,3.4646080743754703e-22
2316-ESMLS,1,1.0
4229-CZMLL,1,1.0
0334-ZFJSR,0,0.11815386675770674
6728-VOIFY,0,2.4748586823700398e-08
0963-ZBDRN,1,0.9999998995499316
9777-WJJPR,1,0.9999999532798469
8200-KLNYW,1,1.0
7278-CKDNC,1,0.999999999989079
2432-TFSMK,1,1.0
5996-DAOQL,1,0.9999999999997569
3137-LUPIX,1,1.0
6476-EPYZR,1,0.9999999572687357
8327-LZKAS,1,0.999999999792788
7026-YMSBE,1,0.9999999997612354
2894-QOJRX,1,0.9999570422572979
2154-KVJFF,1,1.0
2398-YPMUR,1,1.0
1725-IQNIY,1,0.9962584998960323
5140-FOMCQ,0,3.4053307569219043e-06
6419-ZTTLE,1,0.9999999999999214
8970-ANWXO,1,1.0
9572-MTILT,0,8.077115270570144e-16
9948-YPTDG,1,0.9024301437835838
1143-NMNQJ,1,1.0
1569-TTNYJ,1,1.0
9924-JPRMC,0,5.76296466677877e-14
2067-QYTCF,0,1.55600331718669e-19
8481-YYXWG,1,1.0
0326-VDYXE,0,1.1827268904728498e-14
3452-SRFEG,0,3.830007537187611e-08
2770-NSVDG,1,0.9998992029903626
8614-VGMMV,1,0.9999999999995404
3727-OWVYD,1,0.9999999999987039
1731-TVIUK,1,1.0
5760-IFJOZ,1,1.0
8849-AYPTR,1,0.9999995626021801
1832-PEUTS,0,0.007713928981588712
9575-IWCAZ,1,1.0
8277-RVRSV,1,0.9999999979533869
0727-BMPLR,0,0.08294338548545843
8309-PPCED,0,3.5588246878658397e-13
3213-VVOLG,1,1.0
7471-MQPOS,0,1.0843902415767104e-13
9488-FVZCC,0,1.0531246929260945e-10
1525-LNLOJ,0,2.873169292102195e-05
0621-JFHOL,1,1.0
9670-BPNXF,1,0.9999908804198994
6888-SBYAI,1,1.0
8695-WDYEA,1,1.0
4615-PIVVU,1,0.9999999999958202
5602-BVFMK,1,1.0
2786-GCDPI,0,1.0450003716385826e-07
2856-NNASM,0,0.034722504304472844
5310-NOOVA,1,0.9999998492815837
3716-UVSPD,1,1.0
4712-UYOOI,1,0.9998388821506021
2790-XUYMV,0,2.959301624727791e-14
0810-DHDBD,1,0.605500371528361
4334-HOWRP,0,1.7306469366896163e-08
5734-EJKXG,0,3.207019537995735e-08
8775-CEBBJ,1,0.9999999999999967
5857-TYBCJ,0,0.0007819180675992496
0577-WHMEV,1,1.0
3982-XWFZQ,0,6.089062844107429e-05
3967-VQOGC,0,0.0007844170886938708
4135-FRWKJ,0,0.013514194818748914
6715-OFDBP,1,1.0
7963-GQRMY,1,1.0
8769-KKTPH,0,8.113631353779151e-09
7639-LIAYI,1,0.9999510224343461
6630-UJZMY,1,1.0
4355-HBJHH,0,1.0321374636953237e-06
6921-OZMFH,1,1.0
1307-ATKGB,1,0.9999999999998361
5175-WLYXL,1,0.9999999999999476
5906-BFOZT,1,0.9999999999995617
8382-SHQEH,1,1.0
1391-UBDAR,1,1.0
7674-YTAFD,1,0.9999999999999989
6695-FRVEC,0,1.3846306476905334e-05
6629-LADHQ,1,1.0
0722-TROQR,1,1.0
1226-IENZN,1,1.0
1112-CUNAO,1,1.0
4937-QPZPO,0,2.334139955546175e-07
5214-NLTIT,0,3.1790740618731895e-11
8679-JOEVF,1,0.9999999999998772
0260-ZDLGK,1,1.0
7609-YBPXG,1,0.9988353695661341
0032-PGELS,1,0.9999999999999996
5186-SAMNZ,1,1.0
0616-ATFGB,1,0.9999999999999964
9741-YLNTD,1,1.0
6891-JPYFF,0,2.819733822460024e-06
8450-JOVAH,1,1.0
1194-BHJYC,0,0.09484760797543242
3177-LASXD,1,1.0
0479-HMSWA,1,1.0
6508-NJYRO,1,1.0
1550-LOAHA,1,0.9999996018887862
9237-HQITU,1,1.0
3778-FOAQW,1,0.9999999999997735
4138-NAXED,0,3.4458713750805767e-09
9685-WKZGT,1,1.0
5297-MDOIR,0,1.8613157177696014e-08
6723-CEGQI,0,0.0011855066151840023
6164-HAQTX,0,3.448155730812251e-08
6447-GORXK,0,0.35549137822859833
9762-YAQAA,1,0.9999999999646119
6827-IEAUQ,1,1.0
7554-AKDQF,1,1.0
5214-CHIWJ,1,0.9999999999895799
2581-VKIRT,0,5.2405577825021545e-05
5889-LFOLL,1,1.0
0641-EVBOJ,1,1.0
6582-OIVSP,1,1.0
3420-ZDBMA,1,1.0
4636-QRJKY,1,1.0
9388-ZEYVT,1,0.9999979616027048
3884-HCSWG,1,0.9999999999999993
6583-KQJLK,1,1.0
7459-RRWQZ,1,0.999999999999998
