customerID,ypreds_lrcv,yprobs_lrcv
1794-HBQTJ,1,0.7134485455553754
0356-OBMAC,0,0.21039404298414519
4077-CROMM,1,0.7579909472567471
5442-PPTJY,0,0.07483878752202124
2333-KWEWW,0,0.08767011840366976
9402-ORRAH,1,0.8594807261187226
2606-RMDHZ,1,0.6330320712899972
2346-CZYIL,0,0.05784459200492646
0373-AIVNJ,0,0.24896895440538414
1577-HKTFG,0,0.2034344418442228
8619-IJNDK,0,0.027414159268247147
3727-RJMEO,1,0.8372018162589728
4847-TAJYI,1,0.8849327596468909
3755-JBMNH,1,0.7395708425316971
8485-GJCDN,1,0.7562815204109828
9878-TNQGW,1,0.8603440730368275
4903-CNOZC,0,0.29482892261181165
1343-EHPYB,1,0.61948374208318
6080-LNESI,0,0.01504098442293387
5649-TJHOV,0,0.4509743451300128
1929-ZCBHE,0,0.07403877296969072
2773-MADBQ,0,0.07575753583274268
6728-CZFEI,0,0.2950860487328349
8963-JLGJT,1,0.6041642624815331
8760-ZRHKE,0,0.08652082013723174
2921-XWDJH,1,0.6695389275415363
9755-JHNMN,0,0.07331567506253489
3721-CNZHX,0,0.12075284343143003
4369-HTUIF,1,0.8287775263273213
5298-GSTLM,0,0.3180267992875538
4021-RQSNY,1,0.8193017482109969
4282-MSACW,0,0.3331325911102276
9639-BUJXT,0,0.013110488977105655
2012-NWRPA,1,0.8820685310470324
2194-IIQOF,0,0.0766984996069303
3133-PZNSR,0,0.09898915645884282
5702-SKUOB,0,0.40966984708195414
7322-OCWHC,0,0.0983692032876543
1568-LJSZU,0,0.09335977723732415
5642-MHDQT,0,0.02562946597690595
5177-RVZNU,0,0.05318915363446961
9763-GRSKD,0,0.49174956971497097
8714-EUHJO,1,0.724357525202988
7088-FBAWU,1,0.566420930252308
8922-NPKBJ,0,0.018034878962174213
0701-TJSEF,1,0.6804065219264364
0093-XWZFY,1,0.7170209076026414
6862-CQUMB,1,0.7109367949132259
2599-CZABP,0,0.3418036389050774
2889-FPWRM,0,0.30598753498887665
3186-AJIEK,0,0.1631633366215732
3070-DVEYC,1,0.7403395006465353
3520-FJGCV,0,0.16085578791670008
4343-EJVQB,1,0.6840316240043035
1842-EZJMK,1,0.6179868393788377
0970-QXPXW,0,0.45504609775765525
0940-OUQEC,1,0.769841670741924
7274-RTAPZ,1,0.8853194522963004
0869-PAPRP,1,0.7392152815271396
7233-IOQNP,0,0.18468836400832322
1576-PFZIW,0,0.18414442370878167
8118-LSUEL,1,0.8613772476187799
0640-YJTPY,0,0.005658587152354919
9940-HPQPG,1,0.7667556104509204
6175-IRFIT,1,0.7466267224960418
7617-EYGLW,1,0.5801138816614146
0667-NSRGI,0,0.12816434345612102
0454-OKRCT,0,0.1924303743255637
6772-WFQRD,0,0.05115393369146298
2296-DKZFP,0,0.05132732156041305
1032-MAELW,0,0.1092070559933515
4658-HCOHW,1,0.7925833488288414
1230-QAJDW,1,0.6872749481482809
4183-MYFRB,1,0.788804186037918
1561-BWHIN,0,0.08858619637055205
4250-FDVOU,1,0.7143841692452498
1751-NCDLI,1,0.7325699141862203
7137-RYLPP,1,0.7106473705398745
6166-ILMNY,1,0.7774269106394989
4695-WJZUE,1,0.8867731004858382
3717-OFRTN,1,0.5227527430633694
7025-WCBNE,0,0.08041050376011416
5325-UWTWJ,1,0.6331817313397965
5879-SESNB,1,0.78058033207586
9361-YNQWJ,0,0.019930409392370108
1830-GGFNM,0,0.09251208818338084
3537-RYBHH,0,0.4162052322966152
8625-AZYZY,1,0.8252546152770246
6617-WLBQC,0,0.35759918465891705
7563-BIUPC,1,0.846459050014737
6133-OZILE,1,0.5304662650042621
5386-THSLQ,0,0.05120609347101123
5918-VUKWP,0,0.07328959021598716
3088-FVYWK,0,0.016856116929454237
1139-WUOAH,0,0.05156149271215642
4385-GZQXV,1,0.8453420597373564
2293-IJWPS,0,0.3410768000804365
7284-BUYEC,1,0.7349528425461512
4922-CVPDX,0,0.2462815648380894
3639-XJHKQ,1,0.621538271664447
7979-CORPM,1,0.7487005660531008
3572-UOLYZ,0,0.48188529122125384
3745-HRPHI,0,0.03155810365927553
6549-YMFAW,0,0.428860688261599
2419-FSORS,0,0.19315915356853422
6982-UQZLY,1,0.5235026580478686
4184-VODJZ,0,0.23954980686075014
6633-MPWBS,1,0.7118502900411746
4123-FCVCB,0,0.3933158377249223
4480-QQRHC,1,0.7959111465109643
6537-QLGEX,1,0.5985717699562354
2027-CWDNU,1,0.7537863285512553
3973-SKMLN,0,0.007478850961803758
4566-QVRRW,1,0.661429344107082
1371-WEPDS,0,0.21144867870800035
9661-ACXBS,1,0.7386346423384015
3090-QFUVD,1,0.5381172531454411
2642-DTVCO,1,0.8582073624025067
5605-IYGFG,1,0.7637014374035888
5939-XAIXZ,1,0.5172237868810198
8547-NSBBO,1,0.5622533284009902
6734-FQAJX,0,0.2225104892740491
1447-PJGGA,0,0.23400324956588786
0022-TCJCI,0,0.1662009291752899
4827-LTQRJ,0,0.2884431376152764
7996-BPXHY,0,0.1075034823172652
3315-IKYZQ,0,0.13062633021635095
1212-GLHMD,1,0.7764695532760012
3923-CSIHK,1,0.5010855217493322
7706-YLMQA,0,0.011597321905322915
7188-CBBBA,0,0.2710684609266859
2919-HBCJO,1,0.796904269567196
6047-SUHPR,0,0.16925105405619578
4853-RULSV,0,0.1525379150641543
7126-RBHSD,1,0.7245700472745198
8033-ATFAS,0,0.33232075643211983
2612-RANWT,1,0.8325898696166507
2265-CYWIV,1,0.8906993646732164
0013-EXCHZ,1,0.7937068492934043
9095-HFAFX,1,0.8207092190414491
7244-QWYHG,0,0.07580262871922523
6518-PPLMZ,0,0.011681111483520691
9927-DSWDF,1,0.7938346612560918
7055-JCGNI,0,0.18161567062775474
7903-CMPEY,1,0.8577613575794458
8808-ELEHO,1,0.8432752585997916
3769-MHZNV,0,0.028073938334881594
6088-BXMRG,1,0.7492269036482294
7908-QCBCA,1,0.7433758868725472
4522-XRWWI,0,0.222747793141122
3768-NLUBH,1,0.6595610505714696
3261-CQXOL,0,0.0068610375574758515
0674-EYYZV,1,0.7944612011994849
1754-GKYPY,1,0.7843520277611313
0125-LZQXK,1,0.8424481941130668
9504-YAZWB,0,0.012182666740750619
6131-JLWZM,0,0.34044632728516566
1142-IHLOO,0,0.2754639018832814
3283-WCWXT,0,0.10541680494264999
2135-DQWAQ,1,0.7758000344850104
2931-VUVJN,0,0.24994323623395356
6362-QHAFM,0,0.48871268555175074
3751-KTZEL,1,0.624551892335737
9221-OTIVJ,1,0.8843951372325214
7760-OYPDY,1,0.8580461839482506
9932-WBWIK,0,0.34040677167436695
1849-RJYIG,1,0.7425883129754376
4717-GHADL,0,0.10172262980463485
2229-DPMBI,0,0.08903229672211822
6016-NXBNJ,0,0.0518285111461691
2519-LBNQL,0,0.39416736175111333
5562-YJQGT,1,0.5257279827476105
3253-HKOKL,0,0.33309865756149876
4830-FAXFM,0,0.3376030443704039
0536-BGFMZ,0,0.1773433268753379
1478-VPOAD,1,0.7387087501450332
7133-VBDCG,1,0.6467660430648501
8268-YDIXR,0,0.27635272484552537
6865-JZNKO,0,0.43792689483111275
2999-AANRQ,0,0.21198999920728542
9492-TOKRI,1,0.7697480296350074
5240-IJOQT,1,0.8635179359062612
6784-XYJAE,0,0.20944719508198234
4909-JOUPP,0,0.18851072751233616
7762-URZQH,0,0.1897865557982536
8882-TLVRW,0,0.010613575117491131
7711-GQBZC,0,0.006762716961156792
6579-JPICP,0,0.45851570437240674
8404-FYDIB,1,0.6792238092923499
2405-LBMUW,0,0.05298376712436587
5975-BAICR,0,0.19458852159962725
7803-XOCCZ,0,0.38739583359384294
1135-LMECX,0,0.45597091362493153
5275-PMFUT,0,0.03562677847545197
0666-UXTJO,1,0.692560771719506
2397-BRLOM,1,0.8109872321030509
5248-YGIJN,0,0.08045666472526174
8597-CWYHH,0,0.28845089958877157
2274-XUATA,0,0.04184079976534126
1660-HSOOQ,1,0.667821135112577
3422-GALYP,1,0.8437950824224314
2754-SDJRD,1,0.8696254195064655
3806-DXQOM,1,0.6803201015114728
4654-GGUII,0,0.17974581152903435
2862-PFNIK,1,0.6907881003298637
0843-WTBXE,0,0.47827844558772076
0224-NIJLP,0,0.0900794426881419
3338-CVVEH,1,0.8434531221852135
7721-DVEKZ,0,0.45504609775765525
9600-UDOPK,1,0.7336838369397392
8375-KVTHK,0,0.26652824690154864
1930-WNXSB,1,0.5463509961062692
1986-PHGZF,1,0.6298369730645694
8590-YFFQO,0,0.032555196897160195
8380-MQINP,0,0.00962750710209703
9776-CLUJA,1,0.5031719995742504
6402-SSEJG,0,0.32642641808088263
5980-NOPLP,1,0.7055896064929369
4765-OXPPD,1,0.5371441759221339
0876-WDUUZ,1,0.811805761072148
4628-CTTLA,0,0.2030599433834372
1136-XGEQU,0,0.2026831647209731
7795-CFOCW,0,0.07814491528891472
0164-APGRB,0,0.23393738608635406
2455-USLMV,1,0.6363980002397965
3058-WQDRE,1,0.5230141062117157
8512-WIWYV,0,0.07761123948940687
1468-DEFNC,0,0.011464851595701021
1666-JXLKU,1,0.7656073651790762
1282-IHQAC,0,0.048395073436592495
0118-JPNOY,1,0.7345993643211777
7966-YOTQW,1,0.6547239182404393
4503-BDXBD,1,0.773124909838251
5797-APWZC,1,0.8754977654843664
7463-IFMQU,0,0.006015839779300444
3170-GWYKC,1,0.5442438379917379
8597-CTXVJ,0,0.05035815520521074
9845-PEEKO,0,0.12620122315730048
7049-GKVZY,0,0.3999022199943812
9420-LOJKX,1,0.8080205446586567
8182-BJDSI,1,0.7588973900754575
6719-FGEDO,0,0.09929335883863838
1740-CSDJP,1,0.7060790376929471
9415-DPEWS,1,0.782937847421579
6999-CHVCF,0,0.15948606365061005
2990-IAJSV,0,0.08023878081234308
0709-TVGUR,1,0.8251914828042303
8857-CUPFQ,0,0.007036579290057126
5570-PTWEH,1,0.8009357992664232
1216-BGTSP,1,0.6777439936097746
3777-XROBG,0,0.011095215770773617
0516-UXRMT,0,0.24302636886167608
0236-HFWSV,1,0.8409262556012155
5766-FTRTS,0,0.04653435035315207
8161-QYMTT,1,0.871770274294392
6509-TSGWN,0,0.12459799303945719
9777-IQHWP,0,0.10477499104858838
2143-LJULT,0,0.010581059230411258
5916-QEWPT,1,0.7774721450391427
0112-QWPNC,0,0.22654611723629756
8510-BBWMU,0,0.03999614634253553
9795-VOWON,0,0.32940329872551066
4029-HPFVY,1,0.741022102233626
3675-YDUPJ,0,0.37105056867117076
2122-SZZZD,0,0.04260043381161176
8937-RDTHP,1,0.7832786463497294
5960-WPXQM,1,0.8589918316091806
5066-GFJMM,0,0.44430665354885146
1557-EMYVT,0,0.3004002362264857
1131-QQZEB,0,0.008370222530287595
3413-DHLPB,1,0.5082680980849963
8280-MQRQN,1,0.6711215323277882
6968-MHOMU,0,0.08025260708549482
9258-CNWAC,0,0.15957178595610322
5696-JVVQY,0,0.09411617957648129
6022-UGGSO,1,0.6721796841163028
8272-ONJLV,1,0.6411330252213916
2276-YDAVZ,1,0.809329840457272
1167-OYZJF,0,0.00958905829382217
4098-NAUKP,0,0.41291336596529665
9480-BQJEI,0,0.21141305409104075
5019-GQVCR,1,0.6704432201859144
1122-JWTJW,1,0.7289001426318508
2665-NPTGL,1,0.7882142480620626
2519-TWKFS,0,0.17689463171985428
7426-WEIJX,0,0.438982407173226
3662-FXJFO,0,0.012683347511675436
4121-AGSIN,0,0.02460958014624343
8010-EZLOU,1,0.8086319128766696
2212-LYASK,0,0.2119191211147733
3186-BAXNB,1,0.8514699385829976
9742-XOKTS,0,0.15048732512258992
4213-HKBJO,0,0.04883337567530692
7134-HBPBS,0,0.18707915519634344
7279-BUYWN,1,0.8077305246745764
7537-RBWEA,1,0.5977621422382317
5759-RCVCB,1,0.6763185335618389
5117-IFGPS,1,0.7498914889298245
7115-IRDHS,0,0.007089405223920257
7825-GKXMW,1,0.7458416728703179
4568-TTZRT,0,0.3634934191595563
6981-TDRFT,0,0.1534919703815102
1209-VFFOC,0,0.022352294956056434
2252-NKNSI,0,0.09246824906437687
2737-YNGYW,1,0.8481305520191724
1169-WCVAK,1,0.6968227276104413
5515-IDEJJ,0,0.42227550064697256
6904-JLBGY,0,0.23555612374417828
2799-ARNLO,1,0.8320016935002698
4521-WFJAI,0,0.01775690801288757
3740-RLMVT,0,0.06495867696176005
8917-FAEMR,0,0.026615531517734194
9374-YOLBJ,1,0.5453040177915557
8573-JGCZW,0,0.15174098350088575
9734-UYXQI,1,0.7632069465717527
0117-LFRMW,0,0.25293933658224244
2911-IJORQ,0,0.3111117627366504
0362-ZBZWJ,1,0.6859529512565098
1550-EENBN,1,0.7685894583796075
1078-TDCRN,1,0.731435992198778
4415-IJZTP,1,0.8425897910071196
4000-VGMQP,0,0.250365242021083
9248-OJYKK,1,0.867317765390479
7511-YMXVQ,1,0.7276214955219715
1866-RZZQS,1,0.7684197263194923
5028-HTLJB,1,0.5032014446960387
1682-VCOIO,0,0.08601920797297219
7460-ITWWP,1,0.6573252491896697
6680-NENYN,0,0.3746284223516372
1200-TUZHR,1,0.8519542420874057
9885-MFVSU,0,0.08510237917822516
0689-NKYLF,1,0.8105728035345523
1452-KIOVK,1,0.7298275992105234
0687-ZVTHB,0,0.08691914004852845
8690-UPCZI,0,0.2140391417988242
5868-YWPDW,1,0.8631905634649031
2000-MPKCA,0,0.3927897191536035
0221-WMXNQ,1,0.8257246939430566
2777-PHDEI,1,0.8447542301001552
5821-MMEIL,0,0.01245686512503719
5195-KPUNQ,0,0.2379653831604777
3247-MHJKM,0,0.45759006842193267
7395-XWZOY,1,0.5462573791496863
1976-AZZPJ,0,0.49794167675139517
0742-MOABM,1,0.5800791033815745
9752-ZNQUT,1,0.7643853234121161
7919-ZODZZ,0,0.3516619461904128
2037-SGXHH,1,0.6842619814898238
9057-SIHCH,1,0.8880934636614419
6837-HAEVO,0,0.20053966880456833
7036-ZZKBD,1,0.5105959318672042
3128-YOVTD,0,0.3942874135940185
5897-ZYEKH,0,0.3385763382269747
3606-SBKRY,0,0.2701166274713548
2607-FBDFF,1,0.688623209401356
2792-LSHWX,1,0.7384065308394833
1422-DGUBX,0,0.3631179735254233
5730-RIITO,0,0.26820451883466423
2259-OUUSZ,0,0.3378931255630792
6258-PVZWJ,0,0.09750038064688718
5939-SXWHM,0,0.020737312667876883
5156-UMKOW,1,0.5387508378523309
2673-ZALNP,0,0.1705784235197112
2187-PKZAY,1,0.7772147345473003
3946-MHCZW,1,0.6518974958952317
8046-DNVTL,0,0.022442264857127112
5965-GGPRW,0,0.1336618527764739
3094-JOJAI,1,0.6207430035069198
3779-OSWCF,0,0.08433257946577968
8317-BVKSO,0,0.4484667713525808
5345-BMKWB,0,0.3648019708141086
1767-TGTKO,1,0.6774776351783275
8263-OKETD,1,0.6266267873424751
5016-LIPDW,0,0.014446424617351513
5382-SOYZL,1,0.8186675803885435
3424-NMNBO,0,0.4070090485935827
7054-ENNGU,1,0.5625853735701498
1353-GHZOS,0,0.2954205025056267
7017-VFHAY,0,0.19795837827530569
0742-LAFQK,0,0.1592404448631663
4981-FLTMF,0,0.20084235517491
7103-ZGVNT,0,0.06845259573739575
9874-QLCLH,1,0.822897790398118
4631-OACRM,1,0.818602761191208
7314-OXENN,1,0.8512192764951897
8650-RHRKE,1,0.6921570561994597
9928-BZVLZ,0,0.15981772107878514
9695-IDRZR,0,0.3578598170878467
0096-BXERS,1,0.7090513455489746
3926-CUQZX,1,0.7150433982885631
9638-JIQYA,1,0.6602568946506375
8727-XDPUD,0,0.07969644956580633
0409-WTMPL,0,0.36434232481022544
9281-PKKZE,0,0.3363036632190482
5223-UZAVK,0,0.27913350463718684
6015-VVHHE,1,0.851251958912003
8705-WZCYL,1,0.7599076692625064
3486-HOOGQ,0,0.04951484116925315
0727-BNRLG,0,0.1308061396505855
8791-GFXLZ,1,0.620643483991002
3541-ZNUHK,0,0.4568919644360741
1226-JZNKR,0,0.21890431215759698
7734-DBOAI,1,0.6921306696642336
5073-WXOYN,0,0.2588938331340965
1763-KUAAW,0,0.14699462753120804
7892-QVYKW,1,0.7213008585465367
1346-UFHAX,1,0.7442569494016054
5346-BZCHP,0,0.004756623430271734
1299-AURJA,0,0.00690668508316299
9046-JBFWA,0,0.17324894060347062
0628-CNQRM,0,0.2744248163864133
5649-RXQTV,1,0.6705615950892787
1120-BMWUB,1,0.500440826910562
0716-BQNDX,0,0.19471888812874702
5376-PCKNB,0,0.2388808404027223
0679-IDSTG,1,0.8364301560786722
5701-ZIKJE,1,0.5225775265417774
5196-SGOAK,1,0.8431857348269511
0537-QYZZN,1,0.7102795082769169
0130-SXOUN,0,0.42026185040575104
8066-POXGX,1,0.6377986653029629
5446-DKWYW,0,0.12687331700878568
5035-PGZXH,0,0.4178790815731274
5832-TRLPB,0,0.3234224852142545
0384-LPITE,0,0.18976792564867878
6933-FHBZC,0,0.21211784270091175
9137-NOQKA,1,0.6060668139259573
7410-OIEDU,1,0.7030078862002347
0257-KXZGU,0,0.43483563166245454
5696-EXCYS,0,0.09078900627151952
1196-AMORA,1,0.7955053190498443
8884-FEEWR,0,0.06455054997137334
2263-SFSQZ,0,0.014414577940236687
7811-JIVPF,1,0.5000938195920704
4817-KEQSP,0,0.0055948532338746014
4644-OBGFZ,0,0.015967992121493566
8327-WKMIE,0,0.061157460484241685
2603-HVKCG,1,0.7924237816682251
5161-XEUVX,0,0.1829868412537372
8766-PAFNE,0,0.0660210929671198
9643-YBLUR,1,0.7327798858371791
2925-VDZHY,0,0.06777631759492928
8774-GSBUN,0,0.005450354153983685
7623-TRNQN,1,0.6207085494796049
5641-DMBFJ,0,0.12589731538256266
0224-HJAPT,1,0.7113731486742603
1741-WTPON,0,0.17492388101737352
7446-SFAOA,0,0.05996545354668774
8387-UGUSU,0,0.267984026240283
7203-OYKCT,0,0.3094628116910238
2324-AALNO,0,0.03845591903934062
7941-RCJOW,0,0.009919372527065654
6140-QNRQQ,1,0.7583448893404947
7969-AULMZ,1,0.830866419806157
2961-VNFKL,0,0.008789645566505846
4859-ZSRDZ,0,0.049731569813130344
7721-JXEAW,0,0.16460624447310637
1135-HIORI,0,0.3510596280568075
7636-XUHWW,1,0.5470156023255143
7663-RGWBC,1,0.6531201491787804
2995-YWTCD,0,0.082415116750421
2277-DJJDL,1,0.6295671138720994
3259-FDWOY,0,0.16835418432908114
0516-OOHAR,0,0.4508788754411819
8067-NIOYM,0,0.06493706078618874
2923-ARZLG,0,0.2154071299533635
8967-SZQAS,1,0.645302491137527
5312-UXESG,1,0.6557916843112618
7025-IWFHT,0,0.37093622558342854
8266-VBFQL,1,0.8505705753628167
4654-ULTTN,0,0.05398738279691058
7029-IJEJK,0,0.06149828193758512
0420-HLGXF,1,0.7846221053621161
6023-GSSXW,0,0.04427003646381952
0471-ARVMX,0,0.350822348024095
3223-DWFIO,1,0.8273161092901343
7029-RPUAV,1,0.84286655685867
1177-XZBJL,0,0.08678920618821936
5480-TBGPH,1,0.7800909146993416
1271-SJBGZ,1,0.6865415317330038
9239-GZHZE,0,0.17720608542949076
9351-HXDMR,0,0.18116361348843138
2373-NTKOD,1,0.7919991045059352
2639-UGMAZ,0,0.07896329434826672
7928-VJYAB,1,0.8198824100258175
5740-YHGTW,0,0.4063367745422552
3148-BLQJT,0,0.4571273598192771
4723-BEGSG,0,0.06759340568191748
0080-OROZO,0,0.4891314842804346
5135-GRQJV,0,0.16572228748139792
5469-CTCWN,0,0.3374081372285356
7636-PEPNS,0,0.04291603876391235
1077-HUUJM,1,0.7908710309412704
9013-AQORL,0,0.2379514245945717
6559-PDZLR,1,0.7840644574536845
2462-XIIJB,1,0.8665138836032973
5370-IIVVL,0,0.4466837127012208
3445-HXXGF,0,0.25691923312944753
9473-CBZOP,0,0.17638525312414033
7975-JMZNT,0,0.0906226132901261
8143-ETQTI,0,0.04877060660982073
6112-KTHFQ,0,0.33656597758403106
2800-QQUSO,1,0.7122673847171828
9585-KKMFD,0,0.021185252295633745
2931-FSOHN,1,0.7515398251989958
8292-TYSPY,1,0.560972358209934
0744-GKNGE,0,0.31293122957008873
6377-WHAOX,1,0.657101157014799
5307-DZCVC,1,0.7063972245562474
9090-SGQXL,1,0.6482672414493424
3580-GICBM,0,0.008788513145690069
4718-DHSMV,1,0.5379828465881628
6024-RUGGH,0,0.0070765074962106005
0094-OIFMO,1,0.8778943898375527
5828-AVIPD,1,0.5716758617114468
7940-UQQUG,0,0.23696615457347958
7821-DPRQE,1,0.5602027846319049
4195-SMMNX,0,0.44560212126167525
3227-WLKLI,0,0.08455250563077937
4871-JTKJF,1,0.8555663043195859
6313-GIDIT,0,0.3723906822222011
5949-XIKAE,1,0.8152309687312664
0719-SYFRB,1,0.5465821343590653
6591-QGOYB,1,0.7750774243412191
3251-YMVWZ,0,0.03002626111489589
1626-ERCMM,1,0.8417840488879138
4727-MCYZG,1,0.6842804202770405
7074-STDCN,0,0.3477388145257481
9931-KGHOA,0,0.270363878538788
1732-FEKLD,0,0.2856761632262267
7785-RDVIG,0,0.39545668506781434
1241-EZFMJ,0,0.012076313795843301
5334-AFQJB,0,0.009871231320792064
5827-MWCZK,1,0.5028609269063457
3714-XPXBW,1,0.5089376563340959
4718-WXBGI,0,0.08040080365759156
0225-ZORZP,1,0.8457687919540781
2338-BQEZT,0,0.22162356141987616
6976-BWGLQ,0,0.00642423210479692
6227-HWPWX,1,0.6600152918103366
0017-DINOC,0,0.04005152265979867
1790-NESIO,0,0.08918961095727826
9330-VOFSZ,0,0.23050934012027208
7503-MIOGA,0,0.09571845918696871
4678-DVQEO,1,0.7565644291715586
6440-DKQGE,0,0.24549461388573274
7603-USHJS,1,0.7308464310360571
1194-HVAIF,1,0.7295191664927688
2987-BJXIK,0,0.060119766548496545
1972-XMUWV,0,0.043653738666202195
1069-XAIEM,1,0.8869779768244708
2580-ASVVY,0,0.08864361654788179
8749-CLJXC,0,0.4568960332053293
5331-RGMTT,1,0.6496153764257002
5473-KHBPS,0,0.28594926879193394
8975-SKGRX,0,0.19198517101232218
7130-CTCUS,1,0.6140019754920346
1436-ZMJAN,1,0.7352781507654176
9134-CEQMF,1,0.8796810519275617
2582-FFFZR,1,0.623934615563681
0363-QJVFX,1,0.7365776518184156
4831-EOBFE,1,0.6753393161968345
3199-XGZCY,1,0.8090079130742786
6078-VESFR,1,0.7316722687408369
0080-EMYVY,0,0.33210581550472557
3841-CONLJ,1,0.726174893299174
6960-HVYXR,1,0.833595897842261
2369-UAPKZ,1,0.8149259072827966
8138-EALND,0,0.2962403511719389
0489-WMEMG,0,0.26057946642876884
0968-GSIKN,1,0.7557731531167196
3705-PSNGL,0,0.054970877491193594
5236-PERKL,0,0.26329769778238316
9705-IOVQQ,0,0.2992105534655647
4931-TRZWN,1,0.7586414064974839
1465-LNTLJ,1,0.7502998235554685
5743-KHMNA,0,0.008060876781536481
7874-ECPQJ,0,0.48832876725552254
9919-YLNNG,1,0.6695555482931446
5966-EMAZU,0,0.22097993135064872
1958-RNRKS,0,0.46837522665287956
2034-GDRCN,1,0.8815532886582904
8741-LQOBK,0,0.16987357661960245
3280-NMUVX,0,0.06043562244808338
3584-WKTTW,0,0.4261642739720649
0111-KLBQG,1,0.6569036972152322
6664-FPDAC,0,0.4590630910940798
6344-SFJVH,0,0.42772203806474884
0621-CXBKL,0,0.011711132686734764
7382-DFJTU,1,0.5528733483700246
6867-ACCZI,0,0.10152573810212703
4770-QAZXN,0,0.38654608661671086
5244-IRFIH,1,0.7830781479216573
8406-LNMHF,0,0.19130910561064562
4182-BGSIQ,0,0.40229195428279185
5950-AAAGJ,1,0.7321239588054153
0585-EGDDA,1,0.5945019926963077
7503-ZGUZJ,1,0.7983159374201855
2369-FEVNO,0,0.47966619416874856
6898-MDLZW,1,0.5418636513283133
4429-WYGFR,0,0.42495034654123226
6538-POCHL,1,0.6086435070421996
7552-KEYGT,0,0.0521799872591797
0811-GSDTP,1,0.5507336460300143
2144-ESWKO,0,0.09210146185865307
6933-VLYFX,0,0.22485766466441715
3370-GQEAL,1,0.675130993758488
9048-JVYVF,1,0.8046744896347294
1465-VINDH,1,0.8307731372187778
7912-SYRQT,1,0.7775317814441765
3084-DOWLE,0,0.07436165697495338
2996-XAUVF,0,0.015508755006785278
2408-TZMJL,0,0.3881321317052386
7945-HLKEA,0,0.10035479593391412
3050-GBUSH,1,0.6953298922899869
8034-RYTVV,0,0.20588502029566272
1769-GRUIK,1,0.736742442857281
2108-XWMPY,1,0.5811223173306236
7639-SUPCW,1,0.5095170715470994
0310-VQXAM,0,0.3609726557825413
4829-ZLJTK,0,0.24863796670494917
1374-DMZUI,1,0.8978468194257624
6261-RCVNS,0,0.18862473450633688
4929-XIHVW,1,0.885973800172884
1297-VQDRP,0,0.2897380991937906
7470-DYNOE,0,0.16315124575980414
6479-OAUSD,0,0.10398299841766359
0406-BPDVR,0,0.3706467363892935
3473-XIIIT,1,0.8416765798495889
4338-EYCER,1,0.5432197396850275
4115-NZRKS,1,0.8790458189881258
4732-RRJZC,0,0.35399349372951
8809-XKHMD,0,0.11699763524072553
7758-XKCBS,1,0.5440181505440179
0824-VWDPO,0,0.32178593892787094
0562-FGDCR,0,0.03003045046898931
2696-RZVZW,0,0.008849292067570206
7855-DIWPO,1,0.7080599413564443
3511-BFTJW,0,0.013608581905498298
6260-XLACS,0,0.19214964116630096
7994-UYIVZ,1,0.8024412052224301
8532-UEFWH,0,0.01304720420019887
4628-WQCQQ,0,0.40261767388272285
4398-HSCJH,1,0.7772665970554476
5895-QSXOD,1,0.6773869007875867
1399-UBQIU,1,0.7751339521982645
3230-IUALN,0,0.09658786308156853
8314-HTWVE,0,0.09370154475020019
0723-VSOBE,0,0.11659089561629436
7392-YYPYJ,1,0.8363278522975998
9541-ZPSEA,0,0.064986911254067
7619-PLRLP,0,0.1371383907217501
0623-IIHUG,1,0.5967617887324353
9689-PTNPG,1,0.8571616816319616
2542-HYGIQ,1,0.5364949910923819
2205-LPVGL,0,0.18036465646688787
3891-PUQOD,1,0.7721749318001565
4360-QRAVE,0,0.372712837341906
6127-IYJOZ,1,0.7008909433134377
0148-DCDOS,1,0.7598400994138759
0301-KOBTQ,0,0.04723959259895241
9298-WGMRW,0,0.1820902769881305
5274-XHAKY,1,0.5866181358952035
7622-FWGEW,0,0.1275633877555293
9750-BOOHV,0,0.09096442367614438
6689-TCZHQ,1,0.8509729050046781
4661-NJEUX,0,0.4803642250586632
8818-XYFCQ,1,0.7054818889065031
7328-ZJAJO,0,0.0109080116878783
8982-NHAVY,1,0.5191247301602449
8084-OIVBS,0,0.1433311111124375
9143-CANJF,0,0.4786824385602611
0219-YTZUE,1,0.7898539665541464
0508-SQWPL,0,0.01236623974739038
2023-VQFDL,0,0.3715084705239963
5644-PDMZC,1,0.8773380536069707
6181-AXXYF,0,0.0068351697694826645
2578-JQPHZ,0,0.23759503001828639
7730-IUTDZ,1,0.5342036611545633
7858-GTZSP,1,0.8301342608709331
1816-FLZDK,1,0.5548435842721491
2240-HSJQD,0,0.49220290798563815
5542-TBBWB,1,0.8348139399829198
9732-KPKBW,1,0.7392467039766596
8722-PRFDV,0,0.0578846562713533
2710-WYVXG,0,0.26994787946426824
7442-YGZFK,1,0.7370703339419084
2930-UOTMB,0,0.44642600344837907
0254-FNMCI,0,0.18483980339386907
9150-KPBJQ,0,0.145933949609803
5614-DNZCE,0,0.05743984197694644
1775-KWJKQ,0,0.0701938832638749
8819-WFGGJ,0,0.036408403230683124
2995-UPRYS,0,0.4324723905437194
8258-GSTJK,1,0.8607490999116104
9715-WZCLW,0,0.1441935037853219
3815-SLMEF,1,0.5274055961248437
3373-DIUUN,0,0.03395406067571866
6582-PLFUU,0,0.01621268656218164
0969-RGKCU,0,0.05192723684086516
5846-NEQVZ,0,0.04100570503127889
8938-UMKPI,1,0.7429068872861305
4412-YLTKF,1,0.7313213318092143
0186-CAERR,0,0.2988921853170263
5561-NWEVX,1,0.8506935242054015
2045-BMBTJ,1,0.5141406153062503
1724-IQWNM,0,0.45418093773045154
4636-TVXVG,0,0.015258423132838417
7951-QKZPL,0,0.03296365044446335
8777-MBMTS,0,0.20750172034717956
8050-XGRVL,0,0.05782548034585364
0396-HUJBP,0,0.44158156769729795
9753-OYLBX,0,0.45897863014545587
8107-RZLNV,0,0.16922719083898569
3544-FBCAS,0,0.06849531221167206
6407-UTSLV,1,0.8529536397432608
4632-PAOYU,0,0.0781074714301533
7225-CBZPL,1,0.8519572376314719
4797-AXPXK,1,0.7344817034444057
5396-IZEPB,0,0.4372224550965038
5313-FPXWG,0,0.03657784614435321
9617-UDPEU,0,0.09493902779634243
9334-GWGOW,1,0.8322849795840032
9722-UJOJR,1,0.6174556725759381
2969-WGHQO,0,0.4627239039672892
1493-AMTIE,1,0.5482803583645691
3870-MQAMG,0,0.3886317761829691
3407-JMJQQ,0,0.15665609183183085
6619-RPLQZ,0,0.015875527953177544
6360-SVNWV,1,0.6170273571677123
2233-TXSIU,0,0.25099166042622567
9018-PCIOK,0,0.0628377355950715
8949-JTMAY,1,0.7636035781758478
1400-MMYXY,1,0.9093906455610777
7625-XCQRH,1,0.7978128524603372
2892-GESUL,0,0.055445176243028284
6645-MXQJT,1,0.8554564063175994
1921-KYSAY,0,0.2396121101950203
9782-LGXMC,0,0.24088417950534238
7244-KXYZN,0,0.11060921719207167
4367-NHWMM,1,0.596640933882461
3737-GCSPV,1,0.7936319362300823
0440-UEDAI,0,0.27712108980345984
3317-HRTNN,1,0.7714782981529968
8853-TZDGH,0,0.18393040184115378
9793-WECQC,1,0.6995366320378672
5564-NEMQO,1,0.8355735567579877
0804-YGEQV,0,0.0453170157769566
9250-WYPLL,1,0.8138221885050874
1184-PJVDB,1,0.8176380831765845
7159-NOKYQ,0,0.15987929167806672
5188-HGMLP,0,0.40685239868416745
3806-YAZOV,0,0.42666440784994664
4403-BWPAY,0,0.19042283299682122
9391-TTOYH,0,0.23680735150601748
1833-VGRUM,1,0.8624155699245668
4900-MSOMT,0,0.04467560853052484
5748-RNCJT,0,0.17484304123159775
6128-CZOMY,1,0.7627870671693663
5893-KCLGT,0,0.004962344509475461
8107-KNCIM,1,0.7966717591365717
4550-EVXNY,1,0.8211634642527643
8064-RAVOH,1,0.7536402685104994
5046-NUHWD,1,0.5143311501228063
4353-HYOJD,0,0.35091823210995193
1810-MVMAI,0,0.47169901252110796
7711-YIJWC,0,0.12968053734485865
8316-BBQAY,0,0.04190572138362929
9518-XXBXE,1,0.7889869310000012
6339-RZCBJ,0,0.12657356051867297
4078-SAYYN,1,0.8696947762809611
4450-YOOHP,0,0.40493038659205266
6067-NGCEU,1,0.5945888767570948
7402-PWYJJ,0,0.2959694825431041
1047-RNXZV,0,0.019684306074015966
3904-UKFRE,1,0.8266780899901603
1755-FZQEC,0,0.040520058535424994
6734-GMPVK,1,0.8822589627252034
1776-SPBWV,0,0.06351006094385994
5375-XLDOF,0,0.16371555161876067
1657-DYMBM,0,0.016232212820837928
2070-FNEXE,1,0.7776447341216122
5845-BZZIB,0,0.02514132440856914
6393-WRYZE,1,0.7574544721904234
9229-RQABD,0,0.1117689496971483
8294-UIMBA,0,0.4255704073370655
2211-RMNHO,0,0.0663156218718584
8519-QJGJD,1,0.7567724032982202
8439-LTUGF,0,0.4495428762019423
8720-RQSBJ,1,0.7696727793967528
1658-XUHBX,1,0.5102817274368756
5226-NOZFC,1,0.7450308138119883
5424-RLQLC,1,0.6353832868948148
1757-TCATG,0,0.056071231605395455
8024-XNAFQ,0,0.163902848064691
4163-HFTUK,0,0.03662465009975514
3707-GNWHM,1,0.7623654200739284
3143-JQEGI,1,0.80522187148623
1728-CXQBE,1,0.570510670893569
6557-BZXLQ,1,0.7551221019111002
7929-SKFGK,0,0.18600441711220878
7841-TZDMQ,1,0.7198868388208335
3621-CHYVB,0,0.1771897531353767
1403-LKLIK,0,0.046193801851147714
5389-FFVKB,1,0.6834321916931547
4778-IZARL,0,0.18830687546402583
5249-QYHEX,0,0.024612489821838862
6147-CBCRA,0,0.1433875573351503
2908-ZTPNF,0,0.2812971033658191
3640-JQGJG,1,0.5410418099486236
2696-NARTR,1,0.7720186408296994
9465-RWMXL,1,0.6511509257577444
7404-JLKQG,1,0.7673537672752605
0639-TSIQW,1,0.5107849335306562
0749-IRGQE,1,0.696960239968871
6295-OSINB,0,0.2088588931856443
3795-GWTRD,0,0.05486345868314841
5287-QWLKY,1,0.5395107926992256
7742-MYPGI,1,0.5545072861789765
6490-FGZAT,0,0.3986400932182264
4376-KFVRS,0,0.1774680994126282
6631-HMANX,0,0.08032499130127667
4973-RLZVI,0,0.2642157533160135
1293-BSEUN,0,0.004712835651780241
2325-WINES,1,0.5183032184069606
6743-HHQPF,0,0.21807850737196385
4813-HQMGZ,1,0.8306616774804692
0374-FIUCA,0,0.010200155625326241
8201-AAXCB,1,0.5614326211810178
2257-BOVXD,1,0.6678585904709448
0329-GTIAJ,1,0.8729728312296592
2720-WGKHP,1,0.9013389063307679
6168-WFVVF,1,0.8489101507546555
9308-ANMVE,0,0.32503640156517377
5696-CEIQJ,0,0.13290828540295735
7808-DVWEP,0,0.48861017835165965
1061-PNTHC,0,0.4924467193907864
6518-KZXCB,0,0.059135399934226285
1043-YCUTE,0,0.017163750520241716
9220-CXRSC,0,0.027394890153708714
7079-QRCBC,1,0.8166457972639759
9680-NIAUV,0,0.1621236806995971
7105-MXJLL,0,0.2376302686618652
3683-QKIUE,1,0.65936482188452
6384-VMJHP,0,0.047544347835717024
9944-AEXBM,1,0.6610110129770911
6131-FOYAS,0,0.4815646239512068
0428-IKYCP,1,0.7243101414995655
2626-VEEWG,0,0.007879591427100536
8225-BTJAU,1,0.8429238218545014
8690-ZVLCL,0,0.07539086248215399
8631-NBHFZ,0,0.06396233132939536
7073-QETQY,0,0.01771080292610512
5458-CQJTA,0,0.05781027648049111
0971-QIFJK,0,0.00787669841380887
5609-CEBID,1,0.8264111441234102
5696-QURRL,1,0.6569117963741231
6137-MFAJN,0,0.2889064202916496
5170-PTRKA,0,0.058593251621858425
3791-LGQCY,1,0.6396705795814689
3780-DDGSE,1,0.6148866109728941
3389-KTRXV,0,0.048833345775825286
2697-NQBPF,1,0.7698095881823352
2386-LAHRK,1,0.6949399129903998
4707-YNOQA,0,0.07560271663506521
8098-TDCBU,0,0.03742193621143308
5288-AHOUP,1,0.8366279447572648
3049-NDXFL,1,0.7873824742897403
9102-OXKFY,0,0.04617775617011895
3308-DGHKL,0,0.008030615474968065
5256-SKJGO,0,0.04527978331269068
5439-WIKXB,1,0.736846274476533
1251-KRREG,1,0.6705841438035056
4612-SSVHJ,1,0.8037062717818676
9625-QSTYE,1,0.7899545835579802
9823-EALYC,0,0.04960137643148691
5198-HQAEN,0,0.38067456865429505
1293-HHSHJ,0,0.05033587513660689
3374-LXDEV,1,0.7765750558913743
0516-VRYBW,0,0.12549212894214162
7879-CGSFV,0,0.25941898355335025
0343-QLUZP,0,0.026293942847135637
0708-LGSMF,1,0.719689002299705
9840-DVNDC,1,0.814122922247529
0817-HSUSE,1,0.8277873194105264
2898-MRKPI,0,0.24041013600655736
8580-QVLOC,0,0.08286081332336163
2466-FCCPT,0,0.10868064357654995
3644-QXEHN,1,0.8279521665647881
7663-CUXZB,0,0.24042761932514872
1010-DIAUQ,1,0.8420256200388341
5447-WZAFP,0,0.2773950632132215
6993-OHLXR,1,0.8126223336194462
1089-HDMKP,1,0.6909572218359622
8739-XNIKG,1,0.8511648475711623
2840-XANRC,1,0.8186807735591796
0655-YDGFJ,0,0.4187980666163379
9154-QDGTH,0,0.3790670430275065
0946-FKYTX,0,0.04185235972006408
8208-EUMTE,0,0.1491822954992295
3055-OYMSE,0,0.46748915529194857
7030-NJVDP,1,0.7300180611381235
8070-AAWZP,0,0.35617117523715897
0258-NOKBL,1,0.8564199275556856
9620-QJREV,0,0.03555030673715626
9489-UTFKA,1,0.7135895809283994
8887-IPQNC,1,0.5839488758027382
1564-HJUVY,1,0.7233634137397719
4277-UDIEF,1,0.5803875117943941
0436-TWFFZ,0,0.06504481151455323
9124-LHCJQ,1,0.8017002848985336
4779-ZGICK,0,0.014859476805735536
1197-BVMVG,1,0.8500798786533443
4713-LZDRV,1,0.8768813535903337
5666-MBJPT,0,0.01159892841549394
3988-RQIXO,1,0.9021414906343398
0487-CRLZF,0,0.12000732751539074
2082-CEFLT,1,0.7626183513235015
1767-CJKBA,0,0.007607943553362281
2391-SOORI,1,0.691841921011869
5960-MVTUK,1,0.6773628124444528
0829-DDVLK,0,0.1598378581564511
6345-FZOQH,0,0.005315552116897812
1565-RHDJD,1,0.7776952834200206
5816-QVHRX,1,0.6717799486732584
0952-KMEEH,1,0.7463205243993265
5882-CMAZQ,1,0.611769122039927
7305-ZWMAJ,0,0.08078165999615582
6061-GWWAV,0,0.14113644234759412
9300-RENDD,1,0.8610120358558981
6365-HITVU,0,0.06840840149807861
4573-JKNAE,0,0.09820469362480232
1612-EOHDH,1,0.7435376189873408
6475-VHUIZ,1,0.5279189103947417
2108-YKQTY,1,0.6896484175264608
4484-GLZOU,1,0.7019130409411268
2832-SCUCO,1,0.5712711963760212
5756-JYOJT,0,0.3964304357704251
2612-RRIDN,1,0.8518336607878708
2592-SEIFQ,1,0.6690121043089278
7452-FOLON,0,0.05377294964174191
3472-OAOOR,0,0.3637806885600835
1060-ENTOF,0,0.26082392984866987
9773-PEQBZ,1,0.7920890487090972
7268-WNTCP,0,0.009146593294251012
7519-JTWQH,0,0.18306538565212888
6184-DYUOB,0,0.44357497432181825
2266-SJNAT,0,0.24298493092029846
3646-ITDGM,0,0.013398697820692229
3030-YDNRM,1,0.8076925709137442
5167-ZFFMM,1,0.8547603205307699
3569-EDBPQ,1,0.6944246998441488
0780-XNZFN,0,0.013170330621513418
3594-BDSOA,0,0.10551857942114594
0804-XBFBV,1,0.5625998323405459
0939-YAPAF,1,0.7721936037473554
6500-JVEGC,0,0.22348525017995025
5091-HFAZW,1,0.8615211412136662
0019-EFAEP,0,0.1333587699048173
3003-CMDUU,1,0.7753836704776492
0725-CXOTM,0,0.34007080066510237
0771-CHWSK,0,0.06677145796302084
3887-PBQAO,0,0.046576195501243395
5472-CVMDX,0,0.01258786419703024
1221-GHZEP,0,0.03862719844972374
7421-ZLUPA,1,0.524211071767731
6897-RWMUB,0,0.047614399568194195
9646-NMHXE,0,0.015692342783764607
8180-AKMJV,1,0.7233599093007359
2040-VZIKE,1,0.5463554287281776
1349-WXNGG,1,0.5241479622302193
7750-EYXWZ,0,0.4337019115140984
2615-YVMYX,1,0.6164342065205107
2007-QVGAW,0,0.007101591073867703
3178-CIFOT,0,0.12308513911496051
8006-PYCSW,0,0.4449047771015118
8992-OBVDG,1,0.5286110553446202
9289-LBQVU,0,0.07519657535966409
4086-WITJG,0,0.005832901065184516
4184-TJFAN,1,0.7674177121393871
2361-UPSND,0,0.11473834103315453
6537-OTKMY,0,0.3953038808935452
8044-BGWPI,0,0.44686708089157395
3585-YNADK,0,0.12530918188102125
4832-VRBMR,0,0.30464960394548607
5067-WJEUN,0,0.030150669276321162
8920-NAVAY,0,0.3622731005239852
7771-CFQRQ,0,0.07392327816435167
3113-IWHLC,1,0.6291397277908702
6849-OYAMU,0,0.4812226830414959
9500-WBGRP,0,0.0058371703728293915
7145-FEJWU,1,0.8616415480529928
8069-RHUXK,0,0.014877397275853623
8838-GPHZP,0,0.008374356639625278
0440-MOGPM,0,0.33066888332375166
1338-CECEE,0,0.17761380804443602
9026-RNUJS,1,0.7538794436271872
4109-CYRBD,1,0.5570048484246645
7718-UPSKJ,0,0.2437532050562482
2748-MYRVK,0,0.25423240867763547
5118-MUEYH,1,0.6513954761946354
9254-RBFON,0,0.4920800831735581
7032-LMBHI,0,0.19460752593073904
6288-CHQJB,0,0.06411232522652752
2159-TURXX,0,0.48744072181379494
5673-FSSMF,1,0.8072960831236989
0315-LVCRK,1,0.8112745132735827
9174-FKWZE,1,0.6409647913194862
1396-QWFBJ,1,0.6417472030258538
6621-NRZAK,0,0.008833731761091045
7162-WPHPM,0,0.05633653895401041
6513-EECDB,1,0.8575976306426473
1298-PHBTI,0,0.08878276206060191
2178-PMGCJ,1,0.584821805274249
4289-DTDKW,1,0.745496195361922
7766-CLTIC,1,0.616076815955268
4441-NIHPT,1,0.8030055591395552
0289-IVARM,0,0.4505173467970613
0699-NDKJM,0,0.2552379361948995
1833-TCXKK,1,0.7009361926508336
0757-WCUUZ,0,0.06770966412108106
9191-MYQKX,1,0.7664842662292735
1970-KKFWL,0,0.03985263003504003
4710-NKCAW,1,0.644103455855897
5365-LLFYV,1,0.6515491226340473
8707-RMEZH,0,0.1633144418553983
8205-VSLRB,0,0.05401870964923074
6139-ZZRBQ,0,0.011395480491589111
1131-SUEKT,0,0.2381639603109139
4686-UXDML,1,0.7975725827491871
1750-CSKKM,1,0.7001873179248758
8670-ERCJH,0,0.1631427969477462
5057-LCOUI,0,0.4580080334180101
6168-YBYNP,1,0.6711666976734438
2402-TAIRZ,0,0.33937736511033606
4566-GOLUK,1,0.6434935606108163
2080-CAZNM,1,0.7771411830899286
8519-IMDHU,1,0.8012046971797121
4753-PADAS,0,0.2712199796032676
5546-QUERU,0,0.14285597252171847
1423-BMPBQ,0,0.44128284307491694
3070-BDOQC,0,0.23374571146588757
2202-CUYXZ,1,0.867392614012862
9028-LIHRP,0,0.10342709071177415
3221-CJMSG,0,0.4992541899573856
4634-JLRJT,0,0.4817605141200932
1587-FKLZB,1,0.5665136064811285
6729-FZWSY,0,0.010984185595799511
8816-VXNZD,1,0.8440677842926094
9058-MJLZC,1,0.7900065031310183
1257-SXUXQ,0,0.3722517588192285
6383-ZTSIW,0,0.3371131582121461
1915-IOFGU,1,0.8230371299482641
1989-PRJHP,1,0.7106924144924442
3466-RITXD,1,0.712984195737429
9172-JITSM,1,0.7601754461024708
9135-HSWOC,0,0.008834120027258389
3023-GFLBR,1,0.6138573259781096
1406-PUQVY,1,0.7521078571333009
5915-DGNVC,0,0.17913004033614174
2323-ARSVR,0,0.21235512312203494
9626-WEQRM,1,0.5508160334236095
9909-DFRJA,0,0.4314213900173514
3701-SFMUH,1,0.7117809707448037
3966-HRMZA,1,0.7666882790484046
1452-VOQCH,1,0.8440677842926094
1187-WILMM,0,0.09407887940252536
8999-BOHSE,1,0.8300536258041759
1666-JZPZT,0,0.3806067361073104
9110-HSGTV,0,0.07449650096072984
8012-SOUDQ,1,0.6931935885052289
2480-JZOSN,0,0.47318824367425444
0464-WJTKO,0,0.005517645655211501
3873-WOSBC,0,0.009834277026153061
3656-TKRVZ,1,0.7318681590823254
9500-IWPXQ,0,0.1374748619107844
7921-BEPCI,0,0.028960313679117507
7128-GGCNO,0,0.42722318915746976
8859-AXJZP,0,0.024704854761252632
2439-LYPMQ,1,0.7889473436467248
5419-KLXBN,1,0.6914108628280412
5201-FRKKS,1,0.6077406389738728
0997-YTLNY,0,0.4101878650314744
3635-QQRQD,0,0.011719482522078547
5196-WPYOW,0,0.03555828350567082
1492-KGETH,0,0.075033674758535
9851-QXEEQ,1,0.7591684744777296
9391-DXGGG,0,0.33804800793371537
0611-DFXKO,1,0.7096763774555263
8100-PNJMH,0,0.08281968749999954
0927-CNGRH,0,0.4320744869315599
2896-TBNBE,0,0.304553721202024
3629-ZNKXA,1,0.8701519121096061
2254-DLXRI,1,0.7704583511142701
0319-QZTCO,1,0.726602247466815
1194-SPVSP,1,0.5222875900129021
5774-QPLTF,0,0.02272327626945433
8807-ARQET,0,0.35809459040355407
1845-CSBRZ,1,0.723078109622099
2479-BRAMR,1,0.5676372906816118
3580-HYCSP,0,0.163524923764221
2351-RRBUE,0,0.15238202594914563
2324-EFHVG,0,0.20052870196374717
8257-RZAHR,1,0.6532902077816817
5311-IHLEI,1,0.5947670169688536
2952-QAYZF,1,0.8413299652150938
1455-UGQVH,1,0.863766745987239
3106-ULWFW,1,0.8078642835445111
0533-BNWKF,1,0.5665783063756896
3129-AAQOU,0,0.05974847312294048
1376-HHBDV,0,0.3564656308741906
1195-OIYEJ,1,0.8427033010493371
5146-CBVOE,1,0.6951655353962719
0308-GIQJT,0,0.24635628013595245
0617-FHSGK,0,0.4163527913068477
6234-RAAPL,0,0.09524989766112327
8749-JMNKX,1,0.5800438335715357
2480-SQIOB,1,0.6877570501202778
7268-IGMFD,1,0.7752040108904877
0203-HHYIJ,0,0.11009221818033364
3977-QCRSL,0,0.41014890891735944
6563-VNPMN,1,0.5324658940604104
0853-TWRVK,0,0.12016935995956637
1265-HVPZB,0,0.09958353765392093
6100-FJZDG,0,0.09096441744692123
7787-BNTZM,0,0.4637828372971205
4896-CPRPF,0,0.036371207025221605
2876-VBBBL,0,0.48129505170109865
6923-JHPMP,1,0.8342280356422903
6410-LEFEN,1,0.674110715005606
4030-VPZBD,1,0.6915384006492568
5519-NPHVG,1,0.8504055794381455
0330-IVZHA,1,0.7921698647546314
4304-XUMGI,0,0.11195438721834815
4274-DRSQT,0,0.1966805823957281
8731-WBBMB,1,0.6084025895326725
3703-VAVCL,1,0.7986629046558368
3096-WPXBT,0,0.23981257431696623
6211-WWLTF,0,0.16181891680779467
0197-PNKNK,0,0.11333158260999839
4067-HLYQI,1,0.5669635052975022
2040-OBMLJ,0,0.327012153065978
7537-CBQUZ,1,0.6387228549223813
0831-JNISG,0,0.004355394752139865
2860-RANUS,1,0.7897475709773014
2650-GYRYL,0,0.06475534362310995
1205-WNWPJ,1,0.6333687468500558
5989-PGKJB,1,0.8050061539790364
6465-GSRCL,0,0.26354145266879303
4826-TZEVA,1,0.5076331549876877
5141-ZUVBH,1,0.7509414770499855
7130-VTEWQ,1,0.8353680497183639
8543-MSDMF,1,0.8266953762259184
1548-ARAGG,1,0.6017054989365425
7469-LKBCI,0,0.0936458525948993
9199-PWQVC,0,0.13841376546477796
9620-ENEJV,1,0.7642109580559195
6077-BDPXA,1,0.8247366539798935
3396-DKDEL,0,0.18806702057081998
4088-YLDSU,0,0.3724991059554874
4742-TXUEX,0,0.018062486782523944
7665-NKLAV,0,0.06223540861445935
2014-MKGMH,0,0.4560544115953215
9867-XOBQA,0,0.11253481343245877
9497-QCMMS,1,0.9033421609452778
4349-GFQHK,1,0.7632734403218618
8207-DMRVL,0,0.15269607111989497
8393-JMVMB,0,0.4541215918800192
1541-ETJZO,1,0.6571892858148772
6000-APYLU,1,0.8289535005827204
3374-PZLXD,0,0.1410113847926189
9971-ZWPBF,1,0.7852448201440884
2885-HIJDH,0,0.070554505810951
3161-ONRWK,0,0.07571263804471798
4359-INNWN,0,0.14677194487570705
9079-YEXQJ,1,0.67970428125036
5442-BXVND,0,0.17923938774031545
4625-EWPTF,1,0.6336133426280203
2105-PHWON,1,0.6671931865123634
3890-RTCMS,0,0.48917855489589857
5893-PYOLZ,0,0.1174735257007506
1166-PQLGG,0,0.005466255685691135
9507-EXLTT,1,0.8227106926364308
9524-EGPJC,1,0.7882054455771812
6633-SYEUS,1,0.6496103769678891
9114-VEPUF,0,0.25528557166751614
9150-HEPMB,0,0.05773072487094285
1895-QTKDO,1,0.701770225978971
3987-KQDDU,1,0.7734029998720564
0822-GAVAP,1,0.7420520735694724
1373-ORVIZ,1,0.708591607305707
6402-ZFPPI,1,0.7553819350108703
8261-GWDBQ,0,0.25977328461017396
4636-JGAAI,1,0.5640363076715521
9629-NHXFW,0,0.44312232301700594
9067-SQTNS,0,0.03707265657391794
7789-HKSBS,0,0.45081435093795164
5451-MHQOF,0,0.01964599490655955
0023-XUOPT,1,0.815624800075257
8454-AATJP,0,0.1841259198726763
6128-DAFVY,0,0.23028563381888384
2097-YVPKN,0,0.008035228698697374
9415-TPKRV,1,0.6839956953546209
7716-YTYHG,0,0.1926628061788756
4486-EFAEB,0,0.4604408710110617
7815-PDTHL,0,0.03179681406258484
7746-AWNQW,0,0.3043499679581736
6103-LIANB,0,0.18802300113982204
5171-EPLKN,0,0.05645902990837799
0137-UDEUO,0,0.4319008819316261
2072-ZVJJX,0,0.008665254070847294
0178-SZBHO,1,0.5480648551894172
1855-AGAWH,1,0.5080869397611278
1732-VHUBQ,0,0.4243699244082677
7270-BDIOA,1,0.7666854792795155
5948-UJZLF,1,0.6331183406090239
4558-CGYCZ,0,0.4190472569280287
6969-MVBAI,1,0.8663335026812597
0106-GHRQR,1,0.6916088205376331
9626-VFRGG,1,0.5860884642240498
5857-XRECV,0,0.23954901144134533
1506-YJTYT,0,0.09587343694349354
2252-JHJGE,0,0.3299648211369602
7234-FECYN,1,0.8858213678654278
4190-MFLUW,1,0.5913575149339406
0549-CYCQN,0,0.22747541817977074
5494-WOZRZ,0,0.0656391991033784
6961-VCPMC,1,0.6130694819227135
4940-KHCWD,0,0.02099409596187404
4667-QONEA,0,0.11963536065128122
6048-NJXHX,0,0.038153323109295034
5393-HJZSM,0,0.46470332232558403
0208-BPQEJ,0,0.3528631068855322
1386-ZIKUV,0,0.4020182634323959
2876-GZYZC,1,0.8264694621597779
4957-SREEC,0,0.006498438433470513
8148-WOCMK,0,0.11787716562279262
4700-UBQMV,0,0.3602239463069835
9945-PSVIP,0,0.04246814052123668
0675-NCDYU,0,0.1869002567737814
8338-QIUNR,0,0.032897959035233335
2230-XTUWL,0,0.013161913459347129
3696-XRIEN,0,0.20807868783267278
0612-RTZZA,1,0.7260139691939174
6695-AMZUF,0,0.07075500995767905
2429-AYKKO,0,0.006254101781706584
7516-GMHUV,0,0.2851709515560136
8160-HOWOX,1,0.7988290778745654
4763-PGDPO,1,0.8065492974657392
0980-FEXWF,0,0.15781176821584822
8220-OCUFY,0,0.31687648863183276
3896-RCYYE,0,0.17195380754321318
7860-UXCRM,0,0.05341797862738989
5780-INQIK,1,0.6684497859012146
9139-WQQDY,0,0.26329798515712705
5701-GUXDC,0,0.1652264141144118
8812-ZRHFP,0,0.40995244644624834
3339-EAQNV,0,0.246180022827368
8350-NYMVI,0,0.2631055841021295
6229-UOLQL,0,0.051337927547843956
6340-DACFT,0,0.01734396044732085
8035-BUYVG,0,0.13885092474641406
0295-QVKPB,1,0.730171275023489
5871-DGTXZ,0,0.0555622658848983
9541-PWTWO,0,0.1269973662185728
9142-KZXOP,0,0.4366713220463045
5995-WWKKG,0,0.07717409529720706
9824-BEMCV,1,0.7070401710749231
6372-RFVNS,1,0.8413178474836147
6855-VLGOS,0,0.006992956418563954
2073-QBVBI,0,0.06358363615756177
6259-WJQLC,1,0.6815776310886942
8050-WYBND,0,0.2844011298858068
2978-XXSOG,0,0.4438280094728097
8224-DWCKX,1,0.7802566852230818
3308-MHOOC,0,0.4537187928007965
4432-ADRLB,1,0.6227664213111528
2905-KFQUV,1,0.7975697841370172
6507-DTJZV,1,0.6837905937605281
9036-CSKBW,0,0.36228644101804736
4837-QUSFT,0,0.21520370057780466
4987-GQWPO,0,0.46093979562997295
2351-BKRZW,0,0.12169607350912022
0348-SDKOL,1,0.5616414759427945
2749-CTKAJ,0,0.0781093750108048
1094-BKOSX,0,0.09697861813233417
2452-KDRRH,1,0.5968977673276925
2316-ESMLS,0,0.22160162829919214
4229-CZMLL,1,0.8202097589212765
0334-ZFJSR,0,0.100450225975249
6728-VOIFY,0,0.30263134996232427
0963-ZBDRN,1,0.7552806235169591
9777-WJJPR,1,0.6585096910878404
8200-KLNYW,0,0.2954564266425812
7278-CKDNC,1,0.7664765388433917
2432-TFSMK,1,0.529454994150526
5996-DAOQL,0,0.48222600819681044
3137-LUPIX,1,0.6745203606785568
6476-EPYZR,0,0.30145543985133705
8327-LZKAS,0,0.4945079318114711
7026-YMSBE,0,0.06174757107954415
2894-QOJRX,0,0.4292285386839225
2154-KVJFF,1,0.7757608233211342
2398-YPMUR,1,0.7911168347533665
1725-IQNIY,0,0.21736698206936947
5140-FOMCQ,0,0.3474112276644934
6419-ZTTLE,0,0.15377982401324491
8970-ANWXO,0,0.3034081103450312
9572-MTILT,1,0.5915645649300922
9948-YPTDG,1,0.5872249936686305
1143-NMNQJ,1,0.8672430600219947
1569-TTNYJ,1,0.8236955142401367
9924-JPRMC,0,0.2474915690008403
2067-QYTCF,1,0.6254910600508164
8481-YYXWG,1,0.8434535068379772
0326-VDYXE,0,0.27448195545831694
3452-SRFEG,0,0.4493101679877708
2770-NSVDG,0,0.4318401655483312
8614-VGMMV,1,0.6475033726617415
3727-OWVYD,0,0.14152903506563086
1731-TVIUK,1,0.8532215131606299
5760-IFJOZ,1,0.832177838214665
8849-AYPTR,1,0.7200089657492343
1832-PEUTS,0,0.12333969684748564
9575-IWCAZ,0,0.18240595321247546
8277-RVRSV,0,0.06905781305921371
0727-BMPLR,0,0.40488008423618366
8309-PPCED,0,0.17376969388715766
3213-VVOLG,0,0.13557127573927924
7471-MQPOS,0,0.08150191556697656
9488-FVZCC,0,0.04792202071753672
1525-LNLOJ,0,0.045950667285084464
0621-JFHOL,0,0.14716835327451624
9670-BPNXF,0,0.13938755893086044
6888-SBYAI,1,0.6525790571394595
8695-WDYEA,1,0.6332971597047589
4615-PIVVU,0,0.11182359547372327
5602-BVFMK,0,0.13576705594703795
2786-GCDPI,1,0.7238628743208129
2856-NNASM,1,0.6035445580358627
5310-NOOVA,0,0.027947113310524355
3716-UVSPD,1,0.7464689923448499
4712-UYOOI,0,0.3238783038905309
2790-XUYMV,0,0.12824191848284608
0810-DHDBD,0,0.1418960873117558
4334-HOWRP,0,0.044539681995136526
5734-EJKXG,0,0.4306358562380296
8775-CEBBJ,1,0.6369999021170828
5857-TYBCJ,1,0.6849162959292765
0577-WHMEV,1,0.7617990575989855
3982-XWFZQ,0,0.3828556944901287
3967-VQOGC,0,0.006844306600844888
4135-FRWKJ,0,0.15347230090037783
6715-OFDBP,1,0.8145956805500729
7963-GQRMY,1,0.5789381081281924
8769-KKTPH,0,0.24890109860612686
7639-LIAYI,0,0.1202308121838958
6630-UJZMY,1,0.8686292305633013
4355-HBJHH,0,0.08669890807876476
6921-OZMFH,1,0.5894974023208513
1307-ATKGB,1,0.7740951017597344
5175-WLYXL,1,0.6143864245442138
5906-BFOZT,0,0.4778051739311893
8382-SHQEH,1,0.8394181305196794
1391-UBDAR,1,0.7682277330697223
7674-YTAFD,0,0.3096621666274179
6695-FRVEC,0,0.030088784030290645
6629-LADHQ,1,0.6237477570028858
0722-TROQR,1,0.8520563189480618
1226-IENZN,1,0.8110714901089849
1112-CUNAO,1,0.8323511890311951
4937-QPZPO,0,0.32399484286185865
5214-NLTIT,0,0.10201215361192316
8679-JOEVF,1,0.6914720153289456
0260-ZDLGK,1,0.6549890680700396
7609-YBPXG,0,0.11832860074485564
0032-PGELS,1,0.6008101800135452
5186-SAMNZ,1,0.8255623933193047
0616-ATFGB,1,0.7196771653202955
9741-YLNTD,1,0.8022089323968361
6891-JPYFF,1,0.6315104598648095
8450-JOVAH,1,0.6088608593926508
1194-BHJYC,0,0.0401061054115403
3177-LASXD,1,0.8253334460657684
0479-HMSWA,0,0.4169299049524774
6508-NJYRO,0,0.11443309609308204
1550-LOAHA,1,0.6147047898759082
9237-HQITU,1,0.8323141142192246
3778-FOAQW,0,0.07799813244753344
4138-NAXED,0,0.44089425632896617
9685-WKZGT,1,0.8017145899433828
5297-MDOIR,0,0.15636831834620907
6723-CEGQI,0,0.01827505571113382
6164-HAQTX,0,0.02421122170247863
6447-GORXK,0,0.2878768131934992
9762-YAQAA,0,0.2940148966915525
6827-IEAUQ,0,0.1668880395268406
7554-AKDQF,1,0.5812251123632292
5214-CHIWJ,0,0.0721560931883482
2581-VKIRT,0,0.05504432938004793
5889-LFOLL,1,0.8189207982808814
0641-EVBOJ,1,0.7289846880497829
6582-OIVSP,1,0.636443698867689
3420-ZDBMA,1,0.7668747261067789
4636-QRJKY,1,0.7917553690570162
9388-ZEYVT,0,0.1283626311307207
3884-HCSWG,1,0.7380472377646535
6583-KQJLK,1,0.8536972371354492
7459-RRWQZ,1,0.6544188955738928
