customerID,ypreds_pycaret_lr,yprobs_pycaret_lr
1794-HBQTJ,1,0.5445
0356-OBMAC,0,0.7947
4077-CROMM,1,0.7195
5442-PPTJY,0,0.9508
2333-KWEWW,0,0.9625
9402-ORRAH,1,0.8749
2606-RMDHZ,1,0.7005
2346-CZYIL,0,0.9748
0373-AIVNJ,0,0.6363
1577-HKTFG,0,0.9005
8619-IJNDK,0,0.9924
3727-RJMEO,1,0.9069
4847-TAJYI,1,0.9305
3755-JBMNH,1,0.7417
8485-GJCDN,1,0.8802
9878-TNQGW,1,0.898
4903-CNOZC,0,0.7542
1343-EHPYB,1,0.6936
6080-LNESI,0,0.9784
5649-TJHOV,1,0.5358
1929-ZCBHE,0,0.9191
2773-MADBQ,0,0.9092
6728-CZFEI,0,0.6364
8963-JLGJT,0,0.551
8760-ZRHKE,0,0.9608
2921-XWDJH,1,0.6691
9755-JHNMN,0,0.9812
3721-CNZHX,0,0.8692
4369-HTUIF,1,0.823
5298-GSTLM,0,0.6195
4021-RQSNY,1,0.8426
4282-MSACW,0,0.6944
9639-BUJXT,0,0.9722
2012-NWRPA,1,0.9304
2194-IIQOF,0,0.971
3133-PZNSR,0,0.9325
5702-SKUOB,0,0.5864
7322-OCWHC,0,0.9391
1568-LJSZU,0,0.957
5642-MHDQT,0,0.955
5177-RVZNU,0,0.9428
9763-GRSKD,0,0.6061
8714-EUHJO,1,0.7174
7088-FBAWU,0,0.616
8922-NPKBJ,0,0.9795
0701-TJSEF,0,0.5582
0093-XWZFY,1,0.7389
6862-CQUMB,1,0.7107
2599-CZABP,0,0.6983
2889-FPWRM,0,0.701
3186-AJIEK,0,0.9014
3070-DVEYC,1,0.8635
3520-FJGCV,0,0.9007
4343-EJVQB,1,0.6833
1842-EZJMK,1,0.5858
0970-QXPXW,0,0.5615
0940-OUQEC,1,0.7957
7274-RTAPZ,1,0.9223
0869-PAPRP,1,0.7014
7233-IOQNP,0,0.8596
1576-PFZIW,0,0.904
8118-LSUEL,1,0.8612
0640-YJTPY,0,0.9949
9940-HPQPG,1,0.611
6175-IRFIT,1,0.8442
7617-EYGLW,0,0.5611
0667-NSRGI,0,0.7376
0454-OKRCT,0,0.9105
6772-WFQRD,0,0.926
2296-DKZFP,0,0.9787
1032-MAELW,0,0.9147
4658-HCOHW,1,0.6933
1230-QAJDW,1,0.7615
4183-MYFRB,1,0.7245
1561-BWHIN,0,0.8985
4250-FDVOU,0,0.5441
1751-NCDLI,1,0.8277
7137-RYLPP,1,0.8243
6166-ILMNY,1,0.751
4695-WJZUE,1,0.9271
3717-OFRTN,0,0.6438
7025-WCBNE,0,0.9463
5325-UWTWJ,0,0.6199
5879-SESNB,1,0.8149
9361-YNQWJ,0,0.9556
1830-GGFNM,0,0.9625
3537-RYBHH,0,0.7136
8625-AZYZY,1,0.8156
6617-WLBQC,0,0.6851
7563-BIUPC,1,0.885
6133-OZILE,1,0.5047
5386-THSLQ,0,0.9136
5918-VUKWP,0,0.9417
3088-FVYWK,0,0.9847
1139-WUOAH,0,0.934
4385-GZQXV,1,0.8193
2293-IJWPS,1,0.5708
7284-BUYEC,1,0.8164
4922-CVPDX,0,0.8454
3639-XJHKQ,0,0.7
7979-CORPM,1,0.6954
3572-UOLYZ,0,0.5535
3745-HRPHI,0,0.9562
6549-YMFAW,1,0.5329
2419-FSORS,0,0.8069
6982-UQZLY,1,0.6082
4184-VODJZ,0,0.5797
6633-MPWBS,1,0.6257
4123-FCVCB,1,0.5293
4480-QQRHC,1,0.8278
6537-QLGEX,1,0.5803
2027-CWDNU,1,0.6844
3973-SKMLN,0,0.9915
4566-QVRRW,1,0.6751
1371-WEPDS,0,0.8135
9661-ACXBS,1,0.7189
3090-QFUVD,0,0.6435
2642-DTVCO,1,0.9248
5605-IYGFG,1,0.7924
5939-XAIXZ,1,0.5459
8547-NSBBO,0,0.5734
6734-FQAJX,0,0.881
1447-PJGGA,0,0.7327
0022-TCJCI,0,0.9098
4827-LTQRJ,0,0.8002
7996-BPXHY,0,0.9242
3315-IKYZQ,0,0.8503
1212-GLHMD,1,0.833
3923-CSIHK,1,0.6118
7706-YLMQA,0,0.9827
7188-CBBBA,0,0.5838
2919-HBCJO,1,0.7794
6047-SUHPR,0,0.9042
4853-RULSV,0,0.8789
7126-RBHSD,1,0.5843
8033-ATFAS,0,0.5706
2612-RANWT,1,0.823
2265-CYWIV,1,0.914
0013-EXCHZ,1,0.8736
9095-HFAFX,1,0.8439
7244-QWYHG,0,0.8619
6518-PPLMZ,0,0.9809
9927-DSWDF,1,0.6142
7055-JCGNI,0,0.888
7903-CMPEY,1,0.8651
8808-ELEHO,1,0.8873
3769-MHZNV,0,0.979
6088-BXMRG,1,0.7614
7908-QCBCA,1,0.8674
4522-XRWWI,0,0.818
3768-NLUBH,1,0.7151
3261-CQXOL,0,0.9926
0674-EYYZV,1,0.7942
1754-GKYPY,1,0.8197
0125-LZQXK,1,0.7739
9504-YAZWB,0,0.9854
6131-JLWZM,0,0.6826
1142-IHLOO,0,0.5723
3283-WCWXT,0,0.8811
2135-DQWAQ,1,0.8637
2931-VUVJN,0,0.8477
6362-QHAFM,1,0.637
3751-KTZEL,1,0.8181
9221-OTIVJ,1,0.8831
7760-OYPDY,1,0.8926
9932-WBWIK,0,0.6542
1849-RJYIG,1,0.6435
4717-GHADL,0,0.8653
2229-DPMBI,0,0.9151
6016-NXBNJ,0,0.9146
2519-LBNQL,0,0.5465
5562-YJQGT,0,0.6527
3253-HKOKL,0,0.6908
4830-FAXFM,0,0.7738
0536-BGFMZ,0,0.8553
1478-VPOAD,1,0.6646
7133-VBDCG,0,0.5912
8268-YDIXR,0,0.7009
6865-JZNKO,0,0.8115
2999-AANRQ,0,0.9531
9492-TOKRI,1,0.7275
5240-IJOQT,1,0.9176
6784-XYJAE,0,0.7582
4909-JOUPP,0,0.8524
7762-URZQH,0,0.8258
8882-TLVRW,0,0.9872
7711-GQBZC,0,0.9926
6579-JPICP,0,0.5591
8404-FYDIB,0,0.5198
2405-LBMUW,0,0.9139
5975-BAICR,0,0.8198
7803-XOCCZ,0,0.7717
1135-LMECX,0,0.5611
5275-PMFUT,0,0.9677
0666-UXTJO,1,0.6583
2397-BRLOM,1,0.8426
5248-YGIJN,0,0.9594
8597-CWYHH,1,0.6093
2274-XUATA,0,0.9569
1660-HSOOQ,1,0.7169
3422-GALYP,1,0.8728
2754-SDJRD,1,0.9061
3806-DXQOM,1,0.6714
4654-GGUII,0,0.769
2862-PFNIK,1,0.8037
0843-WTBXE,1,0.5249
0224-NIJLP,0,0.9144
3338-CVVEH,1,0.8392
7721-DVEKZ,0,0.5615
9600-UDOPK,1,0.766
8375-KVTHK,0,0.6376
1930-WNXSB,1,0.6161
1986-PHGZF,0,0.5788
8590-YFFQO,0,0.9908
8380-MQINP,0,0.988
9776-CLUJA,1,0.5468
6402-SSEJG,0,0.7131
5980-NOPLP,1,0.8259
4765-OXPPD,0,0.6866
0876-WDUUZ,1,0.7887
4628-CTTLA,0,0.6381
1136-XGEQU,0,0.7546
7795-CFOCW,0,0.9145
0164-APGRB,0,0.8617
2455-USLMV,0,0.5502
3058-WQDRE,1,0.5799
8512-WIWYV,0,0.9411
1468-DEFNC,0,0.9856
1666-JXLKU,1,0.8297
1282-IHQAC,0,0.8951
0118-JPNOY,1,0.6242
7966-YOTQW,1,0.543
4503-BDXBD,1,0.7314
5797-APWZC,1,0.8897
7463-IFMQU,0,0.9943
3170-GWYKC,0,0.6275
8597-CTXVJ,0,0.9688
9845-PEEKO,0,0.8322
7049-GKVZY,0,0.8153
9420-LOJKX,1,0.6433
8182-BJDSI,1,0.7507
6719-FGEDO,0,0.9439
1740-CSDJP,1,0.8239
9415-DPEWS,1,0.752
6999-CHVCF,0,0.8805
2990-IAJSV,0,0.9706
0709-TVGUR,1,0.8965
8857-CUPFQ,0,0.9904
5570-PTWEH,1,0.8525
1216-BGTSP,1,0.5548
3777-XROBG,0,0.9912
0516-UXRMT,0,0.7469
0236-HFWSV,1,0.875
5766-FTRTS,0,0.9764
8161-QYMTT,1,0.9304
6509-TSGWN,0,0.8342
9777-IQHWP,0,0.9243
2143-LJULT,0,0.9855
5916-QEWPT,1,0.6841
0112-QWPNC,0,0.8329
8510-BBWMU,0,0.9057
9795-VOWON,1,0.6203
4029-HPFVY,1,0.86
3675-YDUPJ,0,0.5545
2122-SZZZD,0,0.9498
8937-RDTHP,1,0.8392
5960-WPXQM,1,0.8946
5066-GFJMM,1,0.5179
1557-EMYVT,0,0.8502
1131-QQZEB,0,0.9898
3413-DHLPB,1,0.5199
8280-MQRQN,1,0.7176
6968-MHOMU,0,0.6908
9258-CNWAC,0,0.9264
5696-JVVQY,0,0.9538
6022-UGGSO,1,0.6274
8272-ONJLV,1,0.6397
2276-YDAVZ,1,0.8517
1167-OYZJF,0,0.9876
4098-NAUKP,0,0.5597
9480-BQJEI,0,0.7129
5019-GQVCR,1,0.7996
1122-JWTJW,1,0.8529
2665-NPTGL,1,0.8195
2519-TWKFS,0,0.7496
7426-WEIJX,0,0.5791
3662-FXJFO,0,0.9796
4121-AGSIN,0,0.9484
8010-EZLOU,1,0.8016
2212-LYASK,0,0.6666
3186-BAXNB,1,0.7781
9742-XOKTS,0,0.8845
4213-HKBJO,0,0.973
7134-HBPBS,0,0.801
7279-BUYWN,1,0.772
7537-RBWEA,1,0.8271
5759-RCVCB,1,0.7381
5117-IFGPS,1,0.8083
7115-IRDHS,0,0.9919
7825-GKXMW,1,0.6685
4568-TTZRT,0,0.6355
6981-TDRFT,0,0.6668
1209-VFFOC,0,0.9695
2252-NKNSI,0,0.9276
2737-YNGYW,1,0.8566
1169-WCVAK,0,0.5429
5515-IDEJJ,0,0.5893
6904-JLBGY,0,0.8546
2799-ARNLO,1,0.879
4521-WFJAI,0,0.9774
3740-RLMVT,0,0.9662
8917-FAEMR,0,0.9719
9374-YOLBJ,0,0.5915
8573-JGCZW,0,0.8534
9734-UYXQI,1,0.7889
0117-LFRMW,0,0.8203
2911-IJORQ,0,0.7482
0362-ZBZWJ,1,0.7967
1550-EENBN,1,0.6051
1078-TDCRN,1,0.8247
4415-IJZTP,1,0.895
4000-VGMQP,0,0.7048
9248-OJYKK,1,0.9187
7511-YMXVQ,1,0.8688
1866-RZZQS,1,0.8496
5028-HTLJB,1,0.5177
1682-VCOIO,0,0.9006
7460-ITWWP,1,0.7201
6680-NENYN,0,0.584
1200-TUZHR,1,0.8965
9885-MFVSU,0,0.9416
0689-NKYLF,1,0.7705
1452-KIOVK,1,0.6742
0687-ZVTHB,0,0.9305
8690-UPCZI,0,0.8815
5868-YWPDW,1,0.8914
2000-MPKCA,0,0.5516
0221-WMXNQ,1,0.7542
2777-PHDEI,1,0.8511
5821-MMEIL,0,0.9893
5195-KPUNQ,0,0.7955
3247-MHJKM,0,0.5595
7395-XWZOY,0,0.6638
1976-AZZPJ,1,0.5613
0742-MOABM,1,0.5474
9752-ZNQUT,1,0.7062
7919-ZODZZ,1,0.5231
2037-SGXHH,1,0.7233
9057-SIHCH,1,0.9375
6837-HAEVO,0,0.7625
7036-ZZKBD,0,0.6936
3128-YOVTD,0,0.7187
5897-ZYEKH,0,0.6929
3606-SBKRY,0,0.5383
2607-FBDFF,0,0.5193
2792-LSHWX,1,0.6889
1422-DGUBX,0,0.5676
5730-RIITO,0,0.6913
2259-OUUSZ,1,0.509
6258-PVZWJ,0,0.9524
5939-SXWHM,0,0.9812
5156-UMKOW,1,0.6809
2673-ZALNP,0,0.7578
2187-PKZAY,1,0.7528
3946-MHCZW,1,0.6357
8046-DNVTL,0,0.9784
5965-GGPRW,0,0.9025
3094-JOJAI,1,0.697
3779-OSWCF,0,0.9694
8317-BVKSO,0,0.6907
5345-BMKWB,0,0.623
1767-TGTKO,1,0.6739
8263-OKETD,0,0.5539
5016-LIPDW,0,0.9689
5382-SOYZL,1,0.8569
3424-NMNBO,0,0.6497
7054-ENNGU,1,0.5642
1353-GHZOS,0,0.7505
7017-VFHAY,0,0.909
0742-LAFQK,0,0.8765
4981-FLTMF,0,0.9225
7103-ZGVNT,0,0.954
9874-QLCLH,1,0.7522
4631-OACRM,1,0.8334
7314-OXENN,1,0.876
8650-RHRKE,1,0.7861
9928-BZVLZ,0,0.8876
9695-IDRZR,0,0.835
0096-BXERS,1,0.695
3926-CUQZX,1,0.6755
9638-JIQYA,1,0.7647
8727-XDPUD,0,0.8704
0409-WTMPL,0,0.5747
9281-PKKZE,1,0.6071
5223-UZAVK,0,0.6924
6015-VVHHE,1,0.9142
8705-WZCYL,1,0.7464
3486-HOOGQ,0,0.9827
0727-BNRLG,0,0.8804
8791-GFXLZ,0,0.5681
3541-ZNUHK,0,0.5909
1226-JZNKR,0,0.787
7734-DBOAI,1,0.7153
5073-WXOYN,0,0.5574
1763-KUAAW,0,0.915
7892-QVYKW,1,0.7141
1346-UFHAX,1,0.6185
5346-BZCHP,0,0.9934
1299-AURJA,0,0.9925
9046-JBFWA,0,0.8718
0628-CNQRM,0,0.8464
5649-RXQTV,1,0.6884
1120-BMWUB,0,0.5968
0716-BQNDX,0,0.8916
5376-PCKNB,0,0.5924
0679-IDSTG,1,0.8575
5701-ZIKJE,0,0.5452
5196-SGOAK,1,0.8436
0537-QYZZN,1,0.5983
0130-SXOUN,0,0.5939
8066-POXGX,1,0.7329
5446-DKWYW,0,0.8791
5035-PGZXH,1,0.5927
5832-TRLPB,0,0.7156
0384-LPITE,0,0.7693
6933-FHBZC,0,0.7529
9137-NOQKA,1,0.5058
7410-OIEDU,1,0.7195
0257-KXZGU,0,0.7653
5696-EXCYS,0,0.9613
1196-AMORA,1,0.8288
8884-FEEWR,0,0.9474
2263-SFSQZ,0,0.972
7811-JIVPF,0,0.7318
4817-KEQSP,0,0.9949
4644-OBGFZ,0,0.9663
8327-WKMIE,0,0.9333
2603-HVKCG,1,0.7341
5161-XEUVX,0,0.7751
8766-PAFNE,0,0.9535
9643-YBLUR,1,0.7004
2925-VDZHY,0,0.9752
8774-GSBUN,0,0.9904
7623-TRNQN,1,0.6243
5641-DMBFJ,0,0.926
0224-HJAPT,1,0.6922
1741-WTPON,0,0.8755
7446-SFAOA,0,0.9054
8387-UGUSU,0,0.7951
7203-OYKCT,0,0.5159
2324-AALNO,0,0.9423
7941-RCJOW,0,0.9893
6140-QNRQQ,1,0.8682
7969-AULMZ,1,0.8631
2961-VNFKL,0,0.9876
4859-ZSRDZ,0,0.9168
7721-JXEAW,0,0.7032
1135-HIORI,0,0.5522
7636-XUHWW,0,0.5618
7663-RGWBC,1,0.7453
2995-YWTCD,0,0.9392
2277-DJJDL,1,0.7176
3259-FDWOY,0,0.7918
0516-OOHAR,0,0.5654
8067-NIOYM,0,0.9632
2923-ARZLG,0,0.6461
8967-SZQAS,0,0.5877
5312-UXESG,1,0.6668
7025-IWFHT,0,0.5599
8266-VBFQL,1,0.8369
4654-ULTTN,0,0.9692
7029-IJEJK,0,0.9114
0420-HLGXF,1,0.8579
6023-GSSXW,0,0.9553
0471-ARVMX,0,0.6709
3223-DWFIO,1,0.8388
7029-RPUAV,1,0.859
1177-XZBJL,0,0.9442
5480-TBGPH,1,0.6969
1271-SJBGZ,1,0.7033
9239-GZHZE,0,0.8875
9351-HXDMR,0,0.8717
2373-NTKOD,1,0.8138
2639-UGMAZ,0,0.8928
7928-VJYAB,1,0.8469
5740-YHGTW,0,0.6723
3148-BLQJT,0,0.5597
4723-BEGSG,0,0.9702
0080-OROZO,1,0.5003
5135-GRQJV,0,0.8596
5469-CTCWN,0,0.5879
7636-PEPNS,0,0.8717
1077-HUUJM,1,0.8228
9013-AQORL,0,0.7454
6559-PDZLR,1,0.7042
2462-XIIJB,1,0.8996
5370-IIVVL,1,0.5915
3445-HXXGF,0,0.5685
9473-CBZOP,0,0.8506
7975-JMZNT,0,0.9654
8143-ETQTI,0,0.9537
6112-KTHFQ,0,0.6843
2800-QQUSO,1,0.765
9585-KKMFD,0,0.9687
2931-FSOHN,1,0.6482
8292-TYSPY,0,0.6856
0744-GKNGE,0,0.7723
6377-WHAOX,1,0.7175
5307-DZCVC,1,0.7554
9090-SGQXL,1,0.726
3580-GICBM,0,0.9818
4718-DHSMV,1,0.8134
6024-RUGGH,0,0.9896
0094-OIFMO,1,0.9085
5828-AVIPD,1,0.6625
7940-UQQUG,0,0.7048
7821-DPRQE,0,0.5199
4195-SMMNX,0,0.5693
3227-WLKLI,0,0.9691
4871-JTKJF,1,0.8935
6313-GIDIT,1,0.566
5949-XIKAE,1,0.8362
0719-SYFRB,0,0.618
6591-QGOYB,1,0.5333
3251-YMVWZ,0,0.9523
1626-ERCMM,1,0.8876
4727-MCYZG,1,0.7359
7074-STDCN,0,0.5116
9931-KGHOA,0,0.8243
1732-FEKLD,0,0.5486
7785-RDVIG,0,0.6107
1241-EZFMJ,0,0.9876
5334-AFQJB,0,0.9852
5827-MWCZK,0,0.5263
3714-XPXBW,0,0.7339
4718-WXBGI,0,0.9622
0225-ZORZP,1,0.8259
2338-BQEZT,0,0.8581
6976-BWGLQ,0,0.993
6227-HWPWX,1,0.5258
0017-DINOC,0,0.9682
1790-NESIO,0,0.924
9330-VOFSZ,0,0.7796
7503-MIOGA,0,0.949
4678-DVQEO,1,0.6637
6440-DKQGE,0,0.8406
7603-USHJS,1,0.7055
1194-HVAIF,1,0.7032
2987-BJXIK,0,0.9548
1972-XMUWV,0,0.9622
1069-XAIEM,1,0.9389
2580-ASVVY,0,0.9328
8749-CLJXC,0,0.5598
5331-RGMTT,1,0.7578
5473-KHBPS,0,0.5613
8975-SKGRX,0,0.8768
7130-CTCUS,0,0.6325
1436-ZMJAN,1,0.7093
9134-CEQMF,1,0.9281
2582-FFFZR,1,0.7033
0363-QJVFX,1,0.53
4831-EOBFE,0,0.5353
3199-XGZCY,1,0.8741
6078-VESFR,1,0.675
0080-EMYVY,0,0.7661
3841-CONLJ,1,0.8204
6960-HVYXR,1,0.8547
2369-UAPKZ,1,0.8821
8138-EALND,0,0.7739
0489-WMEMG,0,0.7945
0968-GSIKN,1,0.867
3705-PSNGL,0,0.9172
5236-PERKL,0,0.7915
9705-IOVQQ,0,0.7174
4931-TRZWN,1,0.589
1465-LNTLJ,1,0.686
5743-KHMNA,0,0.9915
7874-ECPQJ,0,0.6185
9919-YLNNG,1,0.5956
5966-EMAZU,0,0.6465
1958-RNRKS,0,0.6198
2034-GDRCN,1,0.9199
8741-LQOBK,0,0.8604
3280-NMUVX,0,0.9521
3584-WKTTW,0,0.5483
0111-KLBQG,1,0.7102
6664-FPDAC,0,0.5581
6344-SFJVH,0,0.584
0621-CXBKL,0,0.9857
7382-DFJTU,0,0.7532
6867-ACCZI,0,0.9146
4770-QAZXN,0,0.8195
5244-IRFIH,1,0.843
8406-LNMHF,0,0.8605
4182-BGSIQ,0,0.666
5950-AAAGJ,1,0.6873
0585-EGDDA,1,0.5924
7503-ZGUZJ,1,0.9186
2369-FEVNO,1,0.5353
6898-MDLZW,0,0.5623
4429-WYGFR,0,0.8053
6538-POCHL,0,0.5355
7552-KEYGT,0,0.9746
0811-GSDTP,0,0.5127
2144-ESWKO,0,0.8395
6933-VLYFX,0,0.8128
3370-GQEAL,1,0.6551
9048-JVYVF,1,0.7671
1465-VINDH,1,0.8567
7912-SYRQT,1,0.8357
3084-DOWLE,0,0.9711
2996-XAUVF,0,0.9501
2408-TZMJL,0,0.5472
7945-HLKEA,0,0.939
3050-GBUSH,1,0.8049
8034-RYTVV,0,0.7411
1769-GRUIK,1,0.7162
2108-XWMPY,1,0.6837
7639-SUPCW,0,0.7268
0310-VQXAM,0,0.6368
4829-ZLJTK,0,0.8229
1374-DMZUI,1,0.9494
6261-RCVNS,0,0.9087
4929-XIHVW,1,0.9125
1297-VQDRP,0,0.7001
7470-DYNOE,0,0.7703
6479-OAUSD,0,0.9246
0406-BPDVR,0,0.5025
3473-XIIIT,1,0.8527
4338-EYCER,0,0.6144
4115-NZRKS,1,0.9276
4732-RRJZC,0,0.6448
8809-XKHMD,0,0.9172
7758-XKCBS,1,0.5454
0824-VWDPO,0,0.6685
0562-FGDCR,0,0.9811
2696-RZVZW,0,0.9907
7855-DIWPO,1,0.6942
3511-BFTJW,0,0.9881
6260-XLACS,0,0.7347
7994-UYIVZ,1,0.8752
8532-UEFWH,0,0.981
4628-WQCQQ,0,0.5558
4398-HSCJH,1,0.7564
5895-QSXOD,1,0.7773
1399-UBQIU,1,0.7702
3230-IUALN,0,0.9306
8314-HTWVE,0,0.9117
0723-VSOBE,0,0.7906
7392-YYPYJ,1,0.8393
9541-ZPSEA,0,0.9658
7619-PLRLP,0,0.8854
0623-IIHUG,1,0.605
9689-PTNPG,1,0.8926
2542-HYGIQ,0,0.6442
2205-LPVGL,0,0.8801
3891-PUQOD,1,0.6694
4360-QRAVE,0,0.5651
6127-IYJOZ,1,0.7942
0148-DCDOS,1,0.7857
0301-KOBTQ,0,0.97
9298-WGMRW,0,0.8823
5274-XHAKY,1,0.5128
7622-FWGEW,0,0.9432
9750-BOOHV,0,0.8427
6689-TCZHQ,1,0.8745
4661-NJEUX,1,0.5357
8818-XYFCQ,1,0.6207
7328-ZJAJO,0,0.9913
8982-NHAVY,1,0.6555
8084-OIVBS,0,0.787
9143-CANJF,0,0.8349
0219-YTZUE,1,0.7943
0508-SQWPL,0,0.9864
2023-VQFDL,0,0.7959
5644-PDMZC,1,0.8933
6181-AXXYF,0,0.9929
2578-JQPHZ,0,0.8187
7730-IUTDZ,0,0.5125
7858-GTZSP,1,0.8526
1816-FLZDK,1,0.6813
2240-HSJQD,1,0.6557
5542-TBBWB,1,0.8665
9732-KPKBW,1,0.5291
8722-PRFDV,0,0.9737
2710-WYVXG,0,0.8611
7442-YGZFK,1,0.7329
2930-UOTMB,0,0.86
0254-FNMCI,0,0.9065
9150-KPBJQ,0,0.9129
5614-DNZCE,0,0.9801
1775-KWJKQ,0,0.9746
8819-WFGGJ,0,0.9444
2995-UPRYS,0,0.5568
8258-GSTJK,1,0.9147
9715-WZCLW,0,0.8369
3815-SLMEF,1,0.5378
3373-DIUUN,0,0.9757
6582-PLFUU,0,0.988
0969-RGKCU,0,0.9417
5846-NEQVZ,0,0.9813
8938-UMKPI,1,0.7862
4412-YLTKF,1,0.7347
0186-CAERR,0,0.7125
5561-NWEVX,1,0.8612
2045-BMBTJ,0,0.5242
1724-IQWNM,0,0.5047
4636-TVXVG,0,0.9786
7951-QKZPL,0,0.9599
8777-MBMTS,0,0.8259
8050-XGRVL,0,0.9598
0396-HUJBP,0,0.5718
9753-OYLBX,0,0.5597
8107-RZLNV,0,0.7811
3544-FBCAS,0,0.9552
6407-UTSLV,1,0.8789
4632-PAOYU,0,0.9083
7225-CBZPL,1,0.8944
4797-AXPXK,0,0.5341
5396-IZEPB,0,0.7133
5313-FPXWG,0,0.9259
9617-UDPEU,0,0.8586
9334-GWGOW,1,0.901
9722-UJOJR,1,0.6031
2969-WGHQO,0,0.6882
1493-AMTIE,0,0.551
3870-MQAMG,0,0.5634
3407-JMJQQ,0,0.8707
6619-RPLQZ,0,0.9817
6360-SVNWV,0,0.5056
2233-TXSIU,0,0.7637
9018-PCIOK,0,0.9196
8949-JTMAY,1,0.7445
1400-MMYXY,1,0.9372
7625-XCQRH,1,0.8661
2892-GESUL,0,0.9616
6645-MXQJT,1,0.8053
1921-KYSAY,0,0.6972
9782-LGXMC,0,0.9226
7244-KXYZN,0,0.9212
4367-NHWMM,1,0.8268
3737-GCSPV,1,0.7151
0440-UEDAI,0,0.6757
3317-HRTNN,1,0.87
8853-TZDGH,0,0.8231
9793-WECQC,1,0.7116
5564-NEMQO,1,0.8566
0804-YGEQV,0,0.9113
9250-WYPLL,1,0.8399
1184-PJVDB,1,0.8717
7159-NOKYQ,0,0.8036
5188-HGMLP,1,0.5134
3806-YAZOV,0,0.583
4403-BWPAY,0,0.7952
9391-TTOYH,0,0.7635
1833-VGRUM,1,0.917
4900-MSOMT,0,0.9842
5748-RNCJT,0,0.806
6128-CZOMY,1,0.7471
5893-KCLGT,0,0.9914
8107-KNCIM,1,0.8281
4550-EVXNY,1,0.8468
8064-RAVOH,1,0.6848
5046-NUHWD,0,0.5081
4353-HYOJD,0,0.7279
1810-MVMAI,0,0.8409
7711-YIJWC,0,0.9322
8316-BBQAY,0,0.9679
9518-XXBXE,1,0.716
6339-RZCBJ,0,0.9382
4078-SAYYN,1,0.9137
4450-YOOHP,1,0.5551
6067-NGCEU,0,0.515
7402-PWYJJ,0,0.5298
1047-RNXZV,0,0.9778
3904-UKFRE,1,0.8221
1755-FZQEC,0,0.928
6734-GMPVK,1,0.8833
1776-SPBWV,0,0.9311
5375-XLDOF,0,0.8953
1657-DYMBM,0,0.9873
2070-FNEXE,1,0.6992
5845-BZZIB,0,0.9808
6393-WRYZE,1,0.8103
9229-RQABD,0,0.8499
8294-UIMBA,0,0.5133
2211-RMNHO,0,0.9578
8519-QJGJD,1,0.6268
8439-LTUGF,0,0.6377
8720-RQSBJ,1,0.7213
1658-XUHBX,1,0.5847
5226-NOZFC,1,0.6868
5424-RLQLC,1,0.7072
1757-TCATG,0,0.9533
8024-XNAFQ,0,0.8979
4163-HFTUK,0,0.9556
3707-GNWHM,1,0.8951
3143-JQEGI,1,0.7698
1728-CXQBE,1,0.654
6557-BZXLQ,1,0.6993
7929-SKFGK,0,0.9113
7841-TZDMQ,1,0.6692
3621-CHYVB,0,0.8262
1403-LKLIK,0,0.9423
5389-FFVKB,1,0.704
4778-IZARL,0,0.9004
5249-QYHEX,0,0.9564
6147-CBCRA,0,0.8785
2908-ZTPNF,0,0.6774
3640-JQGJG,0,0.6526
2696-NARTR,1,0.7628
9465-RWMXL,1,0.6511
7404-JLKQG,1,0.6753
0639-TSIQW,0,0.6207
0749-IRGQE,1,0.7615
6295-OSINB,0,0.8313
3795-GWTRD,0,0.9852
5287-QWLKY,0,0.5231
7742-MYPGI,1,0.5889
6490-FGZAT,0,0.6075
4376-KFVRS,0,0.8937
6631-HMANX,0,0.934
4973-RLZVI,0,0.9098
1293-BSEUN,0,0.9912
2325-WINES,1,0.6093
6743-HHQPF,0,0.6205
4813-HQMGZ,1,0.8684
0374-FIUCA,0,0.9887
8201-AAXCB,0,0.5336
2257-BOVXD,1,0.5181
0329-GTIAJ,1,0.8677
2720-WGKHP,1,0.9514
6168-WFVVF,1,0.8886
9308-ANMVE,0,0.8109
5696-CEIQJ,0,0.9118
7808-DVWEP,0,0.6583
1061-PNTHC,1,0.5347
6518-KZXCB,0,0.9497
1043-YCUTE,0,0.9777
9220-CXRSC,0,0.9879
7079-QRCBC,1,0.8233
9680-NIAUV,0,0.9038
7105-MXJLL,0,0.8149
3683-QKIUE,1,0.5362
6384-VMJHP,0,0.9813
9944-AEXBM,1,0.6867
6131-FOYAS,0,0.7125
0428-IKYCP,1,0.6607
2626-VEEWG,0,0.9912
8225-BTJAU,1,0.8994
8690-ZVLCL,0,0.9726
8631-NBHFZ,0,0.9814
7073-QETQY,0,0.9682
5458-CQJTA,0,0.9676
0971-QIFJK,0,0.9911
5609-CEBID,1,0.8216
5696-QURRL,1,0.7468
6137-MFAJN,0,0.6713
5170-PTRKA,0,0.9059
3791-LGQCY,1,0.7572
3780-DDGSE,0,0.5822
3389-KTRXV,0,0.9571
2697-NQBPF,1,0.7231
2386-LAHRK,1,0.7931
4707-YNOQA,0,0.907
8098-TDCBU,0,0.9678
5288-AHOUP,1,0.8962
3049-NDXFL,1,0.8902
9102-OXKFY,0,0.9608
3308-DGHKL,0,0.9906
5256-SKJGO,0,0.9259
5439-WIKXB,1,0.7928
1251-KRREG,1,0.7565
4612-SSVHJ,1,0.818
9625-QSTYE,1,0.6972
9823-EALYC,0,0.9767
5198-HQAEN,0,0.6318
1293-HHSHJ,0,0.9383
3374-LXDEV,1,0.6021
0516-VRYBW,0,0.9117
7879-CGSFV,0,0.6001
0343-QLUZP,0,0.9788
0708-LGSMF,1,0.5913
9840-DVNDC,1,0.8398
0817-HSUSE,1,0.769
2898-MRKPI,0,0.5622
8580-QVLOC,0,0.9745
2466-FCCPT,0,0.916
3644-QXEHN,1,0.7527
7663-CUXZB,0,0.8771
1010-DIAUQ,1,0.8178
5447-WZAFP,1,0.5203
6993-OHLXR,1,0.8087
1089-HDMKP,1,0.5447
8739-XNIKG,1,0.9092
2840-XANRC,1,0.813
0655-YDGFJ,0,0.7804
9154-QDGTH,1,0.5383
0946-FKYTX,0,0.8524
8208-EUMTE,0,0.9105
3055-OYMSE,1,0.5105
7030-NJVDP,1,0.5414
8070-AAWZP,0,0.5903
0258-NOKBL,1,0.8187
9620-QJREV,0,0.9602
9489-UTFKA,1,0.5691
8887-IPQNC,1,0.7059
1564-HJUVY,1,0.5929
4277-UDIEF,0,0.7258
0436-TWFFZ,0,0.9433
9124-LHCJQ,1,0.9222
4779-ZGICK,0,0.9786
1197-BVMVG,1,0.9101
4713-LZDRV,1,0.9188
5666-MBJPT,0,0.9845
3988-RQIXO,1,0.9393
0487-CRLZF,0,0.9075
2082-CEFLT,1,0.7477
1767-CJKBA,0,0.988
2391-SOORI,0,0.525
5960-MVTUK,1,0.7453
0829-DDVLK,0,0.8876
6345-FZOQH,0,0.9924
1565-RHDJD,1,0.7139
5816-QVHRX,1,0.6306
0952-KMEEH,1,0.7443
5882-CMAZQ,1,0.5948
7305-ZWMAJ,0,0.9363
6061-GWWAV,0,0.8794
9300-RENDD,1,0.8954
6365-HITVU,0,0.9804
4573-JKNAE,0,0.96
1612-EOHDH,1,0.6672
6475-VHUIZ,0,0.7211
2108-YKQTY,1,0.5128
4484-GLZOU,1,0.7611
2832-SCUCO,0,0.57
5756-JYOJT,0,0.6494
2612-RRIDN,1,0.8884
2592-SEIFQ,1,0.7508
7452-FOLON,0,0.9288
3472-OAOOR,0,0.5957
1060-ENTOF,0,0.8168
9773-PEQBZ,1,0.7891
7268-WNTCP,0,0.9924
7519-JTWQH,0,0.8207
6184-DYUOB,1,0.5177
2266-SJNAT,0,0.7108
3646-ITDGM,0,0.9892
3030-YDNRM,1,0.874
5167-ZFFMM,1,0.8746
3569-EDBPQ,1,0.5136
0780-XNZFN,0,0.9894
3594-BDSOA,0,0.9207
0804-XBFBV,1,0.6563
0939-YAPAF,1,0.7829
6500-JVEGC,0,0.7977
5091-HFAZW,1,0.8019
0019-EFAEP,0,0.9009
3003-CMDUU,1,0.726
0725-CXOTM,0,0.7132
0771-CHWSK,0,0.9593
3887-PBQAO,0,0.9139
5472-CVMDX,0,0.9852
1221-GHZEP,0,0.9687
7421-ZLUPA,1,0.7504
6897-RWMUB,0,0.9834
9646-NMHXE,0,0.9807
8180-AKMJV,1,0.6737
2040-VZIKE,1,0.7038
1349-WXNGG,0,0.6432
7750-EYXWZ,0,0.5612
2615-YVMYX,1,0.5886
2007-QVGAW,0,0.9916
3178-CIFOT,0,0.8811
8006-PYCSW,0,0.5704
8992-OBVDG,0,0.542
9289-LBQVU,0,0.8321
4086-WITJG,0,0.9949
4184-TJFAN,1,0.7465
2361-UPSND,0,0.8996
6537-OTKMY,1,0.5137
8044-BGWPI,0,0.6952
3585-YNADK,0,0.876
4832-VRBMR,0,0.5861
5067-WJEUN,0,0.9827
8920-NAVAY,0,0.6072
7771-CFQRQ,0,0.9581
3113-IWHLC,1,0.5665
6849-OYAMU,0,0.5666
9500-WBGRP,0,0.9893
7145-FEJWU,1,0.8387
8069-RHUXK,0,0.9878
8838-GPHZP,0,0.9859
0440-MOGPM,0,0.5602
1338-CECEE,0,0.7907
9026-RNUJS,1,0.6625
4109-CYRBD,1,0.5451
7718-UPSKJ,0,0.7719
2748-MYRVK,0,0.6055
5118-MUEYH,1,0.6489
9254-RBFON,0,0.5476
7032-LMBHI,0,0.8032
6288-CHQJB,0,0.9778
2159-TURXX,0,0.6791
5673-FSSMF,1,0.8429
0315-LVCRK,1,0.7981
9174-FKWZE,1,0.6096
1396-QWFBJ,1,0.5446
6621-NRZAK,0,0.9929
7162-WPHPM,0,0.9824
6513-EECDB,1,0.9154
1298-PHBTI,0,0.9116
2178-PMGCJ,1,0.6874
4289-DTDKW,1,0.8176
7766-CLTIC,1,0.6694
4441-NIHPT,1,0.7654
0289-IVARM,0,0.8442
0699-NDKJM,0,0.7197
1833-TCXKK,1,0.7359
0757-WCUUZ,0,0.9389
9191-MYQKX,1,0.7694
1970-KKFWL,0,0.9758
4710-NKCAW,0,0.6644
5365-LLFYV,1,0.7413
8707-RMEZH,0,0.889
8205-VSLRB,0,0.9776
6139-ZZRBQ,0,0.9858
1131-SUEKT,0,0.6673
4686-UXDML,1,0.7786
1750-CSKKM,1,0.6334
8670-ERCJH,0,0.921
5057-LCOUI,1,0.6436
6168-YBYNP,1,0.6652
2402-TAIRZ,0,0.6428
4566-GOLUK,1,0.6491
2080-CAZNM,1,0.835
8519-IMDHU,1,0.8481
4753-PADAS,0,0.5335
5546-QUERU,0,0.8071
1423-BMPBQ,1,0.5028
3070-BDOQC,0,0.7675
2202-CUYXZ,1,0.8805
9028-LIHRP,0,0.9642
3221-CJMSG,0,0.7163
4634-JLRJT,1,0.5355
1587-FKLZB,1,0.6371
6729-FZWSY,0,0.9671
8816-VXNZD,1,0.8955
9058-MJLZC,1,0.7018
1257-SXUXQ,0,0.6288
6383-ZTSIW,0,0.6935
1915-IOFGU,1,0.8159
1989-PRJHP,1,0.7557
3466-RITXD,1,0.5461
9172-JITSM,1,0.7709
9135-HSWOC,0,0.99
3023-GFLBR,1,0.5634
1406-PUQVY,1,0.6762
5915-DGNVC,0,0.8566
2323-ARSVR,0,0.8891
9626-WEQRM,1,0.7116
9909-DFRJA,0,0.6846
3701-SFMUH,1,0.5273
3966-HRMZA,1,0.8227
1452-VOQCH,1,0.8958
1187-WILMM,0,0.9551
8999-BOHSE,1,0.8687
1666-JZPZT,0,0.6009
9110-HSGTV,0,0.9664
8012-SOUDQ,1,0.774
2480-JZOSN,1,0.54
0464-WJTKO,0,0.995
3873-WOSBC,0,0.9899
3656-TKRVZ,0,0.5239
9500-IWPXQ,0,0.8961
7921-BEPCI,0,0.9847
7128-GGCNO,0,0.5267
8859-AXJZP,0,0.9557
2439-LYPMQ,1,0.8454
5419-KLXBN,1,0.5744
5201-FRKKS,0,0.6401
0997-YTLNY,0,0.7182
3635-QQRQD,0,0.9878
5196-WPYOW,0,0.9701
1492-KGETH,0,0.9521
9851-QXEEQ,1,0.8031
9391-DXGGG,0,0.6927
0611-DFXKO,1,0.8236
8100-PNJMH,0,0.9601
0927-CNGRH,0,0.5987
2896-TBNBE,0,0.6619
3629-ZNKXA,1,0.8423
2254-DLXRI,1,0.8755
0319-QZTCO,1,0.65
1194-SPVSP,0,0.644
5774-QPLTF,0,0.9407
8807-ARQET,1,0.531
1845-CSBRZ,1,0.6866
2479-BRAMR,1,0.5535
3580-HYCSP,0,0.8675
2351-RRBUE,0,0.7792
2324-EFHVG,0,0.7538
8257-RZAHR,0,0.5189
5311-IHLEI,0,0.5899
2952-QAYZF,1,0.8569
1455-UGQVH,1,0.9158
3106-ULWFW,1,0.8737
0533-BNWKF,1,0.628
3129-AAQOU,0,0.9498
1376-HHBDV,0,0.7177
1195-OIYEJ,1,0.8482
5146-CBVOE,1,0.5189
0308-GIQJT,0,0.7474
0617-FHSGK,0,0.5781
6234-RAAPL,0,0.9522
8749-JMNKX,1,0.5763
2480-SQIOB,1,0.6152
7268-IGMFD,1,0.6856
0203-HHYIJ,0,0.8997
3977-QCRSL,0,0.5985
6563-VNPMN,0,0.6128
0853-TWRVK,0,0.9429
1265-HVPZB,0,0.9326
6100-FJZDG,0,0.9077
7787-BNTZM,0,0.687
4896-CPRPF,0,0.9779
2876-VBBBL,1,0.5353
6923-JHPMP,1,0.7599
6410-LEFEN,1,0.6027
4030-VPZBD,1,0.7533
5519-NPHVG,1,0.8814
0330-IVZHA,1,0.7981
4304-XUMGI,0,0.9393
4274-DRSQT,0,0.6296
8731-WBBMB,0,0.6902
3703-VAVCL,1,0.6976
3096-WPXBT,0,0.7252
6211-WWLTF,0,0.9021
0197-PNKNK,0,0.8767
4067-HLYQI,1,0.5222
2040-OBMLJ,0,0.6879
7537-CBQUZ,1,0.6028
0831-JNISG,0,0.9938
2860-RANUS,1,0.8306
2650-GYRYL,0,0.9295
1205-WNWPJ,1,0.6764
5989-PGKJB,1,0.7617
6465-GSRCL,0,0.619
4826-TZEVA,0,0.5869
5141-ZUVBH,1,0.5157
7130-VTEWQ,1,0.9011
8543-MSDMF,1,0.7212
1548-ARAGG,1,0.6465
7469-LKBCI,0,0.9601
9199-PWQVC,0,0.8333
9620-ENEJV,1,0.7292
6077-BDPXA,1,0.8588
3396-DKDEL,0,0.8886
4088-YLDSU,1,0.5385
4742-TXUEX,0,0.986
7665-NKLAV,0,0.9622
2014-MKGMH,1,0.6682
9867-XOBQA,0,0.9347
9497-QCMMS,1,0.9525
4349-GFQHK,1,0.6947
8207-DMRVL,0,0.9268
8393-JMVMB,0,0.5611
1541-ETJZO,1,0.6256
6000-APYLU,1,0.8777
3374-PZLXD,0,0.8846
9971-ZWPBF,1,0.702
2885-HIJDH,0,0.9697
3161-ONRWK,0,0.954
4359-INNWN,0,0.8954
9079-YEXQJ,1,0.6038
5442-BXVND,0,0.8966
4625-EWPTF,1,0.6824
2105-PHWON,1,0.5816
3890-RTCMS,0,0.571
5893-PYOLZ,0,0.9253
1166-PQLGG,0,0.995
9507-EXLTT,1,0.8588
9524-EGPJC,1,0.7623
6633-SYEUS,0,0.6201
9114-VEPUF,0,0.7356
9150-HEPMB,0,0.9356
1895-QTKDO,1,0.5833
3987-KQDDU,1,0.6718
0822-GAVAP,1,0.8636
1373-ORVIZ,1,0.6995
6402-ZFPPI,1,0.7717
8261-GWDBQ,0,0.8264
4636-JGAAI,1,0.6311
9629-NHXFW,1,0.5036
9067-SQTNS,0,0.9541
7789-HKSBS,0,0.5298
5451-MHQOF,0,0.9348
0023-XUOPT,1,0.7408
8454-AATJP,0,0.9168
6128-DAFVY,0,0.5686
2097-YVPKN,0,0.9875
9415-TPKRV,1,0.6083
7716-YTYHG,1,0.5475
4486-EFAEB,0,0.6826
7815-PDTHL,0,0.9684
7746-AWNQW,0,0.5965
6103-LIANB,0,0.7381
5171-EPLKN,0,0.9752
0137-UDEUO,0,0.5804
2072-ZVJJX,0,0.9905
0178-SZBHO,1,0.5751
1855-AGAWH,1,0.6018
1732-VHUBQ,0,0.5772
7270-BDIOA,1,0.7341
5948-UJZLF,1,0.6149
4558-CGYCZ,0,0.5898
6969-MVBAI,1,0.9109
0106-GHRQR,1,0.5551
9626-VFRGG,1,0.6226
5857-XRECV,0,0.7805
1506-YJTYT,0,0.9636
2252-JHJGE,0,0.6528
7234-FECYN,1,0.9096
4190-MFLUW,0,0.6357
0549-CYCQN,0,0.675
5494-WOZRZ,0,0.9703
6961-VCPMC,1,0.7312
4940-KHCWD,0,0.9842
4667-QONEA,0,0.9549
6048-NJXHX,0,0.9642
5393-HJZSM,0,0.876
0208-BPQEJ,0,0.8314
1386-ZIKUV,0,0.5269
2876-GZYZC,1,0.85
4957-SREEC,0,0.9945
8148-WOCMK,0,0.9277
4700-UBQMV,0,0.6345
9945-PSVIP,0,0.96
0675-NCDYU,0,0.8907
8338-QIUNR,0,0.9832
2230-XTUWL,0,0.9845
3696-XRIEN,0,0.81
0612-RTZZA,1,0.8092
6695-AMZUF,0,0.9783
2429-AYKKO,0,0.9944
7516-GMHUV,0,0.7337
8160-HOWOX,1,0.8182
4763-PGDPO,1,0.8017
0980-FEXWF,0,0.827
8220-OCUFY,0,0.843
3896-RCYYE,0,0.7494
7860-UXCRM,0,0.9854
5780-INQIK,1,0.5085
9139-WQQDY,1,0.5121
5701-GUXDC,0,0.8468
8812-ZRHFP,0,0.5968
3339-EAQNV,0,0.6299
8350-NYMVI,0,0.777
6229-UOLQL,0,0.8818
6340-DACFT,0,0.9874
8035-BUYVG,0,0.7983
0295-QVKPB,1,0.5965
5871-DGTXZ,0,0.9324
9541-PWTWO,0,0.8836
9142-KZXOP,0,0.585
5995-WWKKG,0,0.8917
9824-BEMCV,1,0.6936
6372-RFVNS,1,0.8539
6855-VLGOS,0,0.994
2073-QBVBI,0,0.8338
6259-WJQLC,1,0.6737
8050-WYBND,0,0.5357
2978-XXSOG,0,0.6749
8224-DWCKX,1,0.8071
3308-MHOOC,0,0.505
4432-ADRLB,1,0.6585
2905-KFQUV,1,0.8191
6507-DTJZV,0,0.5018
9036-CSKBW,0,0.6413
4837-QUSFT,0,0.7706
4987-GQWPO,0,0.5563
2351-BKRZW,0,0.942
0348-SDKOL,1,0.5849
2749-CTKAJ,0,0.9084
1094-BKOSX,0,0.8414
2452-KDRRH,1,0.7043
2316-ESMLS,0,0.8288
4229-CZMLL,1,0.8814
0334-ZFJSR,0,0.9161
6728-VOIFY,0,0.533
0963-ZBDRN,1,0.6929
9777-WJJPR,1,0.5625
8200-KLNYW,0,0.7962
7278-CKDNC,1,0.755
2432-TFSMK,1,0.6358
5996-DAOQL,1,0.5365
3137-LUPIX,1,0.753
6476-EPYZR,0,0.7726
8327-LZKAS,1,0.5235
7026-YMSBE,0,0.9265
2894-QOJRX,1,0.5321
2154-KVJFF,1,0.7517
2398-YPMUR,1,0.7887
1725-IQNIY,0,0.9066
5140-FOMCQ,0,0.587
6419-ZTTLE,0,0.8987
8970-ANWXO,0,0.5526
9572-MTILT,0,0.5507
9948-YPTDG,0,0.5117
1143-NMNQJ,1,0.9204
1569-TTNYJ,1,0.8647
9924-JPRMC,0,0.8567
2067-QYTCF,1,0.6286
8481-YYXWG,1,0.8262
0326-VDYXE,1,0.5038
3452-SRFEG,1,0.5564
2770-NSVDG,0,0.5776
8614-VGMMV,1,0.6046
3727-OWVYD,0,0.9118
1731-TVIUK,1,0.8647
5760-IFJOZ,1,0.8899
8849-AYPTR,1,0.6857
1832-PEUTS,0,0.8334
9575-IWCAZ,0,0.6897
8277-RVRSV,0,0.9341
0727-BMPLR,1,0.5088
8309-PPCED,0,0.8231
3213-VVOLG,0,0.8545
7471-MQPOS,0,0.9309
9488-FVZCC,0,0.9762
1525-LNLOJ,0,0.943
0621-JFHOL,0,0.717
9670-BPNXF,0,0.9119
6888-SBYAI,1,0.6339
8695-WDYEA,1,0.5426
4615-PIVVU,0,0.9413
5602-BVFMK,0,0.8563
2786-GCDPI,1,0.7707
2856-NNASM,1,0.8121
5310-NOOVA,0,0.9803
3716-UVSPD,1,0.6588
4712-UYOOI,0,0.8248
2790-XUYMV,0,0.8449
0810-DHDBD,0,0.9076
4334-HOWRP,0,0.9573
5734-EJKXG,0,0.6134
8775-CEBBJ,1,0.6083
5857-TYBCJ,1,0.7757
0577-WHMEV,1,0.5374
3982-XWFZQ,0,0.5372
3967-VQOGC,0,0.9852
4135-FRWKJ,0,0.9465
6715-OFDBP,1,0.8035
7963-GQRMY,1,0.6222
8769-KKTPH,0,0.6185
7639-LIAYI,0,0.9249
6630-UJZMY,1,0.9284
4355-HBJHH,0,0.9357
6921-OZMFH,1,0.6667
1307-ATKGB,1,0.7008
5175-WLYXL,1,0.7088
5906-BFOZT,1,0.5345
8382-SHQEH,1,0.9094
1391-UBDAR,1,0.7359
7674-YTAFD,0,0.7047
6695-FRVEC,0,0.9866
6629-LADHQ,1,0.5336
0722-TROQR,1,0.9108
1226-IENZN,1,0.8282
1112-CUNAO,1,0.7968
4937-QPZPO,1,0.539
5214-NLTIT,0,0.8555
8679-JOEVF,0,0.5174
0260-ZDLGK,1,0.6859
7609-YBPXG,0,0.9493
0032-PGELS,1,0.5446
5186-SAMNZ,1,0.8735
0616-ATFGB,1,0.8067
9741-YLNTD,1,0.8252
6891-JPYFF,1,0.5643
8450-JOVAH,1,0.5748
1194-BHJYC,0,0.935
3177-LASXD,1,0.817
0479-HMSWA,0,0.7461
6508-NJYRO,0,0.8686
1550-LOAHA,0,0.5203
9237-HQITU,1,0.8636
3778-FOAQW,0,0.9078
4138-NAXED,0,0.5874
9685-WKZGT,1,0.8311
5297-MDOIR,0,0.8266
6723-CEGQI,0,0.9675
6164-HAQTX,0,0.9838
6447-GORXK,0,0.7234
9762-YAQAA,0,0.611
6827-IEAUQ,0,0.9221
7554-AKDQF,1,0.6341
5214-CHIWJ,0,0.9171
2581-VKIRT,0,0.9455
5889-LFOLL,1,0.8461
0641-EVBOJ,1,0.7055
6582-OIVSP,1,0.6675
3420-ZDBMA,1,0.8837
4636-QRJKY,1,0.814
9388-ZEYVT,0,0.7794
3884-HCSWG,1,0.7191
6583-KQJLK,1,0.8455
7459-RRWQZ,0,0.5197
